create database if not exists siscoem;

use siscoem;

CREATE TABLE trabajador (
        id int not null auto_increment primary key,
        nombre varchar(250) NOT NULL,
        apePaterno varchar(75) NOT NULL,
        apeMaterno varchar(75) NOT NULL,
        rfc varchar(13) NOT NULL,
        curp varchar(18) NOT NULL,
		unidad varchar(255) NOT NULL,
        sub_unidad varchar(255) NOT NULL,
        categoria varchar(255) NOT NULL,
        horas varchar(255) NOT NULL,
        plaza varchar(255) NOT NULL,
        motivo varchar(255) NOT NULL,
		puesto varchar(255) NOT NULL,
        ingresoGob varchar(20) NOT NULL,
        ingresoSep varchar(20) NOT NULL,
        ingresoDgeti varchar(20) NOT NULL,
        observaciones text NOT NULL,
        ##foreign key (id) references docentes_tablas(id),
        created_at datetime NOT NULL default NOW(),
        updated_at datetime NOT NULL default NOW()
    )engine=InnoDB default charset=utf8mb4;
    
CREATE TABLE docentes_tablas (
        id int NOT NULL AUTO_INCREMENT primary key,
        rfc varchar(255) NOT NULL,
        unidad varchar(255) NOT NULL,
        sub_unidad varchar(255) NOT NULL,
        categoria varchar(255) NOT NULL,
        horas varchar(255) NOT NULL,
        plaza varchar(255) NOT NULL,
        motivo varchar(255) NOT NULL,
        puesto varchar(255) NOT NULL,
        created_at datetime NOT NULL default NOW(),
        updated_at datetime NOT NULL default NOW()
    )engine=InnoDB default charset=utf8mb4;
    
  create table if not exists unidads(
        id int not null auto_increment primary key,
        unidad varchar (4) not null,
        created_at datetime NOT NULL default NOW(),
        updated_at datetime NOT NULL default NOW()
    )engine=InnoDB default charset=utf8mb4;
        insert into unidads(unidad) values
    ('13'),
    ('19'),
    ('21'),
    ('22'),
    ('27'),
    ('34'),
    ('35'),
    ('65'),
    ('68');
	/*alter table unidads add foreign key(id) references docentes_tablas(id);
    alter table unidads add foreign key(id) references institucion_unos(id);
	alter table unidads add foreign key(id) references institucion_dos(id);*/
    
    create table if not exists sub_unidads(
        id int not null auto_increment primary key,
        subUnidad varchar (4) not null,
        created_at datetime NOT NULL default NOW(),
        updated_at datetime NOT NULL default NOW()
    )engine=InnoDB default charset=utf8mb4;
     insert into sub_unidads(subUnidad) values
    ('01'),
    ('02'),
    ('03'),
    ('27'),
    ('52'),
    ('98');
    /*alter table sub_unidads add foreign key(id) references docentes_tablas(id);
    alter table sub_unidads add foreign key(id) references institucion_unos(id);
	alter table sub_unidads add foreign key(id) references institucion_dos(id);*/
    
    create table if not exists horas(
		id int not null auto_increment primary key,
        horas varchar (4) not null,
        created_at datetime NOT NULL default NOW(),
        updated_at datetime NOT NULL default NOW()
    )engine=InnoDB default charset=utf8mb4;
    insert into horas(horas) value
    ('000'),
    ('010'),
    ('020'),
    ('030'),
    ('040'),
    ('050'),
    ('060'),
    ('070'),
    ('080'),
    ('090'),
    ('100'),
    ('110'),
    ('120'),
    ('130'),
    ('140'),
    ('150'),
    ('160'),
    ('170'),
    ('180'),
    ('190');
    /*alter table horas add foreign key(id) references docentes_tablas(id);
    alter table horas add foreign key(id) references institucion_unos(id);
	alter table horas add foreign key(id) references institucion_dos(id);*/
    
    create table if not exists cat_plaza_DA(
        id int not null auto_increment primary key,
        categoriaDA varchar(250) not null,
        denominacionDA varchar(250) not null,
		created_at datetime NOT NULL default NOW(),
        updated_at datetime NOT NULL default NOW()
    )engine=InnoDB default charset=utf8mb4;
    INSERT INTO cat_plaza_DA(categoriaDA,denominacionDA)
        VALUES ('E4511','TECNICO DOCENTE DE ASIGNATURA  A  (E.M.S.)'),
('E4513','TECNICO DOCENTE DE ASIGNATURA  B  (E.M.S.)'),
('E4515','PROFESOR DE ASIGNATURA  A  (E.M.S.)'),
('E4517','PROFESOR DE ASIGNATURA  B  (E.M.S.)'),
('E4523','PROFESOR DE ASIGNATURA  C  (E.M.S.)'),
('E4619','PROFESOR ASISTENTE  A  (E.M.S.) 1/2 TIEMPO'),
('E4621','PROFESOR ASISTENTE  B  (E.M.S.) 1/2 TIEMPO'),
('E4623','PROFESOR ASOCIADO  A  (E.M.S.) 1/2 TIEMPO'),
('E4625','PROFESOR ASOCIADO  B  (E.M.S.) 1/2 TIEMPO'),
('E4627','PROFESOR TITULAR  A  (E.M.S.) 1/2 TIEMPO'),
('E4629','PROFESOR TITULAR  B  (E.M.S.) 1/2 TIEMPO'),
('E4647','TECNICO DOCENTE AUXILIAR  A  (E.M.S.) 1/2 TIEMPO'),
('E4649','TECNICO DOCENTE AUXILIAR  B  (E.M.S.) 1/2 TIEMPO'),
('E4651','TECNICO DOCENTE AUXILIAR  C  (E.M.S.) 1/2 TIEMPO'),
('E4653','TECNICO DOCENTE ASOCIADO  A  (E.M.S.) 1/2 TIEMPO'),
('E4655','TECNICO DOCENTE ASOCIADO  B  (E.M.S.) 1/2 TIEMPO'),
('E4657','TECNICO DOCENTE ASOCIADO  C  (E.M.S.) 1/2 TIEMPO'),
('E4661','PROFESOR ASOCIADO  C  (E.M.S.) 1/2 TIEMPO'),
('E4663','PROFESOR TITULAR  C  (E.M.S.) 1/2 TIEMPO'),
('E4677','TECNICO DOCENTE TITULAR  A  (E.M.S.) 1/2 TIEMPO'),
('E4679','TECNICO DOCENTE TITULAR  B  (E.M.S.) 1/2 TIEMPO'),
('E4681','TECNICO DOCENTE TITULAR  C  (E.M.S.) 1/2 TIEMPO'),
('E4719','PROFESOR ASISTENTE  A  (E.M.S.) 3/4 DE TIEMPO'),
('E4721','PROFESOR ASISTENTE  B  (E.M.S.) 3/4 DE TIEMPO'),
('E4723','PROFESOR ASOCIADO  A  (E.M.S.) 3/4 DE TIEMPO'),
('E4725','PROFESOR ASOCIADO  B  (E.M.S.)  3/4 DE TIEMPO'),
('E4727','PROFESOR TITULAR  A  (E.M.S.) 3/4 DE TIEMPO'),
('E4729','PROFESOR TITULAR  B  (E.M.S.) 3/4 DE TIEMPO'),
('E4747','TECNICO DOCENTE AUXILIAR  A  (E.M.S.) 3/4 DE TIEMPO'),
('E4749','TECNICO DOCENTE AUXILIAR  B  (E.M.S.) 3/4 DE TIEMPO'),
('E4751','TECNICO DOCENTE AUXILIAR  C  (E.M.S.) 3/4 DE TIEMPO'),
('E4753','TECNICO DOCENTE ASOCIADO  A  (E.M.S.) 3/4 DE TIEMPO'),
('E4755','TECNICO DOCENTE ASOCIADO  B  (E.M.S.) 3/4 DE TIEMPO'),
('E4757','TECNICO DOCENTE ASOCIADO  C  (E.M.S.) 3/4 DE TIEMPO'),
('E4761','PROFESOR ASOCIADO  C  (E.M.S.) 3/4 DE TIEMPO'),
('E4763','PROFESOR TITULAR  C  (E.M.S.) 3/4 DE TIEMPO'),
('E4777','TECNICO DOCENTE TITULAR  A  (E.M.S.) 3/4 DE TIEMPO'),
('E4779','TECNICO DOCENTE TITULAR  B  (E.M.S.) 3/4 DE TIEMPO'),
('E4781','TECNICO DOCENTE TITULAR  C  (E.M.S.) 3/4 DE TIEMPO'),
('E4819','PROFESOR ASISTENTE  A  (E.M.S.) TIEMPO COMPLETO'),
('E4821','PROFESOR ASISTENTE  B  (E.M.S.) TIEMPO COMPLETO'),
('E4823','PROFESOR ASOCIADO  A  (E.M.S.) TIEMPO COMPLETO'),
('E4825','PROFESOR ASOCIADO  B  (E.M.S.) TIEMPO COMPLETO'),
('E4827','PROFESOR TITULAR  A  (E.M.S.) TIEMPO COMPLETO'),
('E4829','PROFESOR TITULAR  B  (E.M.S.) TIEMPO COMPLETO'),
('E4847','TECNICO DOCENTE AUXILIAR  A  (E.M.S.) TIEMPO COMPLETO'),
('E4849','TECNICO DOCENTE AUXILIAR  B  (E.M.S.) TIEMPO COMPLETO'),
('E4851','TECNICO DOCENTE AUXILIAR  C  (E.M.S.) TIEMPO COMPLETO'),
('E4853','TECNICO DOCENTE ASOCIADO  A  (E.M.S.) TIEMPO COMPLETO'),
('E4855','TECNICO DOCENTE ASOCIADO  B  (E.M.S.) TIEMPO COMPLETO'),
('E4857','TECNICO DOCENTE ASOCIADO  C  (E.M.S.) TIEMPO COMPLETO'),
('E4861','PROFESOR ASOCIADO  C  (E.M.S.) TIEMPO COMPLETO'),
('E4863','PROFESOR TITULAR  C  (E.M.S.) TIEMPO COMPLETO'),
('E4877','TECNICO DOCENTE TITULAR  A  (E.M.S.) TIEMPO COMPLETO'),
('E4879','TECNICO DOCENTE TITULAR  B  (E.M.S.) TIEMPO COMPLETO'),
('E4881','TECNICO DOCENTE TITULAR  C  (E.M.S.) TIEMPO COMPLETO'),
('XF21001', 'ABOGADO'),
('XF21042', 'CONTADOR'),
('XP05005', 'CONTADOR'),
('XP13006', 'MEDICO GENERAL'),
('XA01001', 'JEFE DE OFICINA'),
('XF12005', 'PROGRAMADOR'),
('XF34015', 'JEFE DE OFICINA'),
('XF53034', 'SECRETARIA DE LA OFICINA DE DIRECTOR GENERAL'),
('XF22011', 'INVESTIGADOR TITULAR'),
('XT06018', 'PROGRAMADOR'),
('XA01002', 'SUBJEFE DE OFICINA'),
('XF22015', 'INVESTIGADOR TECNICO'),
('XT06008', 'ADMINISTRADOR DE LA BASE DE DATOS'),
('XA01003', 'JEFE DE SECCION'),
('XF34006', 'SECRETARIA DE DIRECTOR DE AREA'),
('XF34016', 'JEFE DE SECCION'),
('XP12007', 'ABOGADO'),
('XT03002', 'ANALISTA TECNICO'),
('XA04003', 'ANALISTA DE SISTEMAS ADMINISTRATIVOS'),
('XD02003', 'PEDAGOGO'),
('XF33005', 'ANALISTA DE SISTEMAS ADMINISTRATIVOS'),
('XP01002', 'ANALISTA ESPECIALIZADO'),
('XP16004', 'PSICOLOGO'),
('XT09004', 'ENFERMERA'),
('XA08034', 'SECRETARIA DE DIRECTOR DE PLANTEL (EMS)'),
('XF34003', 'SECRETARIA DE SUBDIRECTOR DE AREA'),
('XT06027', 'CAPTURISTA'),
('XT26005', 'TRABAJADORA SOCIAL'),
('XA06001', 'PROMOTOR'),
('XP05010', 'AUXILIAR DE CONTABILIDAD'),
('XT03004', 'AUXILIAR DE ANALISTA TECNICO'),
('XT08003', 'DIBUJANTE'),
('XT15003', 'AUXILIAR DE INVESTIGADOR'),
('XT26006', 'PASANTE DE TRABAJADORA SOCIAL'),
('XA04012', 'AUXILIAR DE ANALISTA ADMINISTRATIVO'),
('XA08036', 'SECRETARIA DE SUBDIRECTOR DE PLANTEL (EMS)'),
('XF33060', 'AUXILIAR DE ANALISTA ADMINISTRATIVO'),
('XT05003', 'BIBLIOTECARIO'),
('XT13007', 'FOTOGRAFO'),
('XT16008', 'TECNICO LABORATORISTA'),
('XA05007', 'ARCHIVISTA'),
('XA08021', 'SECRETARIA DE JEFE DE DEPARTAMENTO DE PLANTEL (EMS)'),
('XD02044', 'CONTROLADOR ESCOLAR'),
('XF34004', 'SECRETARIA DE JEFE DE DEPARTAMENTO'),
('XS05006', 'IMPRESOR'),
('XS05015', 'OPERADOR DE MAQUINAS DE REPRODUCCION'),
('XS12004', 'PINTOR'),
('XS12008', 'CARPINTERO'),
('XS12012', 'PLOMERO'),
('XT22015', 'TECNICO AUDIOVISUAL'),
('XA01015', 'GESTOR'),
('XA01026', 'AUXILIAR ADMINISTRATIVO'),
('XA03003', 'AUXILIAR DE INVENTARIOS'),
('XA07003', 'AGENTE DE INFORMACION'),
('XA08004', 'TAQUIMECANOGRAFA'),
('XF34031', 'ALMACENISTA'),
('XS08011', 'TECNICO EN MANTENIMIENTO'),
('XS09007', 'ELECTRICISTA'),
('XS12030', 'JARDINERO'),
('XS13008', 'CHOFER'),
('XS14003', 'VIGILANTE'),
('XS14009', 'PREFECTO'),
('XA01023', 'CONTROLADOR DE ASISTENCIA'),
('XA03004', 'ALMACENISTA'),
('XA05010', 'MENSAJERO'),
('XA08005', 'MECANOGRAFA'),
('XS05008', 'LINOTIPISTA'),
('XS06002', 'INTENDENTE'),
('XS06006', 'AUXILIAR DE INTENDENCIA'),
('XS07008', 'AUXILIAR DE MANTENIMIENTO'),
('XS14004', 'CONSERJE'),
('XT05004', 'AUXILIARDE BIBLIOTECA'),
('XT16009', 'AUXILIARDE LABORATORISTA');


                
    
    
    create table if not exists cat_plaza_docens(
        id int not null auto_increment primary key,
        jornada varchar(250) not null,
        categoriaD varchar(250) not null,
        denominacionD varchar(250) not null,
        ze2c07 varchar (250) not null,
        ze3c07 varchar (250) not null,
        ze2c39 varchar (250) not null,
        ze3c39 varchar (250) not null,
        ze2cet varchar (250) not null,
        ze3cet varchar (250) not null,
        c38    varchar (250) not null,
        ze2cca varchar (250) not null,
        ze3cca varchar (250) not null,
        created_at datetime NOT NULL default NOW(),
        updated_at datetime NOT NULL default NOW()
    )engine=InnoDB default charset=utf8mb4;
    INSERT INTO cat_plaza_docens(jornada,categoriaD,denominacionD,ze2c07,ze3c07,ze2c39,ze3c39,ze2cet,ze3cet,c38,ze2cca,ze3cca)
        VALUES ('HORAS/SEMANA/MES ', 'E4511', 'TECNICO DOCENTE DE ASIGNATURA  A  (E.M.S.)', '272.8', '331.8', '11.2', '13.4', '1.25', '1.5', '1,255.00', '24.85', '3.4'),
		('HORAS/SEMANA/MES', 'E4513', 'TECNICO DOCENTE DE ASIGNATURA  B  (E.M.S.)', '303.25', '361.1', '12.65', '15.75', '1.45', '1.65', '1,255.00', '24.85', '3.4'),
		('HORAS/SEMANA/MES', 'E4515', 'PROFESOR DE ASIGNATURA  A  (E.M.S.)', '367.65', '445.3', '14.6', '17.75', '1.65', '2', '1,255.00', '24.85', '3.4'),
		('HORAS/SEMANA/MES', 'E4517', 'PROFESOR DE ASIGNATURA  B  (E.M.S.)', '417.65', '504.6', '15.9', '19.1', '1.95', '2.4', '1,255.00', '24.85', '3.4'),
		('HORAS/SEMANA/MES', 'E4523', 'PROFESOR DE ASIGNATURA  C  (E.M.S.)', '476.05', '573.85', '19.2', '23.1', '2.45', '2.9', '1,255.00', '24.85', '3.4'),
		('1/2 TIEMPO', 'E4619', 'PROFESOR ASISTENTE  A  (E.M.S.) 1/2 TIEMPO', '4,186.85', '5,066.85', '166.35', '201.95', '18.25', '22.15', '1,255.00', '498.1', '68.45'),
		('1/2 TIEMPO', 'E4621', 'PROFESOR ASISTENTE  B  (E.M.S.) 1/2 TIEMPO', '4,904.25', '5,936.90', '195.3', '236.95', '22.05', '26.75', '1,255.00', '498.1', '68.45'),
		('1/2 TIEMPO', 'E4623', 'PROFESOR ASOCIADO  A  (E.M.S.) 1/2 TIEMPO', '7,503.75', '9,022.60', '278.05', '337.65', '33.9', '41.15', '1,255.00', '498.1', '68.45'),
		('1/2 TIEMPO', 'E4625', 'PROFESOR ASOCIADO  B  (E.M.S.) 1/2 TIEMPO', '8,441.70', '10,151.60', '316.05', '383.8', '38.45', '46.65', '1,255.00', '498.1', '68.45'),
		('1/2 TIEMPO', 'E4627', 'PROFESOR TITULAR  A  (E.M.S.) 1/2 TIEMPO', '10,960.25', '13,179.20', '381.7', '463.15', '49.7', '60.3', '1,255.00', '498.1', '68.45'),
		('1/2 TIEMPO', 'E4629', 'PROFESOR TITULAR  B  (E.M.S.) 1/2 TIEMPO', '12,955.10', '15,577.80', '420.4', '510.45', '58.7', '71.25', '1,255.00', '498.1', '68.45'),
		('1/2 TIEMPO', 'E4647', 'TECNICO DOCENTE AUXILIAR  A  (E.M.S.) 1/2 TIEMPO', '3,805.50', '4,605.45', '150.65', '183', '16.4', '19.9', '1,255.00', '498.1', '68.45'),
		('1/2 TIEMPO', 'E4649', 'TECNICO DOCENTE AUXILIAR  B  (E.M.S.) 1/2 TIEMPO', '4,347.50', '5,262.95', '159.5', '193.9', '17.25', '20.95', '1,255.00', '498.1', '68.45'),
		('1/2 TIEMPO', 'E4651', 'TECNICO DOCENTE AUXILIAR  C  (E.M.S.) 1/2 TIEMPO', '4,966.40', '6,012.35', '197.55', '239.85', '21.5', '26.2', '1,255.00', '498.1', '68.45'),
		('1/2 TIEMPO', 'E4653', 'TECNICO DOCENTE ASOCIADO  A  (E.M.S.) 1/2 TIEMPO', '6,327.25', '7,657.20', '225.9', '274.25', '26.75', '32.5', '1,255.00', '498.1', '68.45'),
		('1/2 TIEMPO', 'E4655', 'TECNICO DOCENTE ASOCIADO  B  (E.M.S.) 1/2 TIEMPO', '6,991.60', '8,463.00', '272.05', '330.4', '32.3', '39.3', '1,255.00', '498.1', '68.45'),
		('1/2 TIEMPO', 'E4657', 'TECNICO DOCENTE ASOCIADO  C  (E.M.S.) 1/2 TIEMPO', '7,714.15', '9,336.00', '291.5', '353.85', '35.7', '43.3', '1,255.00', '498.1', '68.45'),
		('1/2 TIEMPO', 'E4661', 'PROFESOR ASOCIADO  C  (E.M.S.) 1/2 TIEMPO', '9,496.95', '11,423.35', '346.6', '420.85', '42.95', '52.15', '1,255.00', '498.1', '68.45'),
		('1/2 TIEMPO', 'E4663', 'PROFESOR TITULAR  C  (E.M.S.) 1/2 TIEMPO', '15,314.30', '18,417.00', '468.85', '569.45', '67.75', '82.2', '1,255.00', '498.1', '68.45'),
		('1/2 TIEMPO', 'E4677', 'TECNICO DOCENTE TITULAR  A  (E.M.S.) 1/2 TIEMPO', '8,441.70', '10,217.90', '316.05', '383.8', '37.95', '46', '1,255.00', '498.1', '68.45'),
		('1/2 TIEMPO', 'E4679', 'TECNICO DOCENTE TITULAR  B  (E.M.S.) 1/2 TIEMPO', '9,496.95', '11,493.80', '337.7', '410.55', '42.4', '51.45', '1,255.00', '498.1', '68.45'),
		('1/2 TIEMPO', 'E4681', 'TECNICO DOCENTE TITULAR  C  (E.M.S.) 1/2 TIEMPO', '10,960.25', '13,179.20', '379.4', '462.65', '49.7', '60.3', '1,255.00', '498.1', '68.45'),
		('3/4 TIEMPO ', 'E4719', 'PROFESOR ASISTENTE  A  (E.M.S.) 3/4 DE TIEMPO', '6,280.70', '7,599.90', '249.55', '302.9', '27.4', '33.25', '1,255.00', '737.2', '101.95'),
		('3/4 TIEMPO', 'E4721', 'PROFESOR ASISTENTE  B  (E.M.S.) 3/4 DE TIEMPO', '7,356.35', '8,905.05', '292.9', '355.45', '33.15', '40.15', '1,255.00', '737.2', '101.95'),
		('3/4 TIEMPO', 'E4723', 'PROFESOR ASOCIADO  A  (E.M.S.) 3/4 DE TIEMPO', '11,255.25', '13,534.10', '417.1', '506.5', '50.8', '61.7', '1,255.00', '737.2', '101.95'),
		('3/4 TIEMPO', 'E4725', 'PROFESOR ASOCIADO  B  (E.M.S.)  3/4 DE TIEMPO', '12,662.45', '15,227.40', '474.1', '575.7', '57.55', '69.9', '1,255.00', '737.2', '101.95'),
		('3/4 TIEMPO', 'E4727', 'PROFESOR TITULAR  A  (E.M.S.) 3/4 DE TIEMPO', '16,440.30', '19,768.60', '572.5', '694.75', '74.45', '90.4', '1,255.00', '737.2', '101.95'),
		('3/4 TIEMPO', 'E4729', 'PROFESOR TITULAR  B  (E.M.S.) 3/4 DE TIEMPO', '19,432.80', '23,366.80', '630.6', '765.65', '88', '106.9', '1,255.00', '737.2', '101.95'),
		('3/4 TIEMPO', 'E4747', 'TECNICO DOCENTE AUXILIAR  A  (E.M.S.) 3/4 DE TIEMPO', '5,708.15', '6,908.60', '225.95', '274.45', '24.55', '29.7', '1,255.00', '737.2', '101.95'),
		('3/4 TIEMPO', 'E4749', 'TECNICO DOCENTE AUXILIAR  B  (E.M.S.) 3/4 DE TIEMPO', '6,521.15', '7,894.05', '239.25', '290.8', '25.75', '31.3', '1,255.00', '737.2', '101.95'),
		('3/4 TIEMPO', 'E4751', 'TECNICO DOCENTE AUXILIAR  C  (E.M.S.) 3/4 DE TIEMPO', '7,449.30', '9,018.60', '296.3', '359.75', '32.3', '39.25', '1,255.00', '737.2', '101.95'),
		('3/4 TIEMPO', 'E4753', 'TECNICO DOCENTE ASOCIADO  A  (E.M.S.) 3/4 DE TIEMPO', '9,490.75', '11,485.50', '338.8', '411.4', '40.15', '48.75', '1,255.00', '737.2', '101.95'),
		('3/4 TIEMPO', 'E4755', 'TECNICO DOCENTE ASOCIADO  B  (E.M.S.) 3/4 DE TIEMPO', '10,487.35', '12,694.75', '408.1', '495.55', '48.5', '58.9', '1,255.00', '737.2', '101.95'),
		('3/4 TIEMPO', 'E4757', 'TECNICO DOCENTE ASOCIADO  C  (E.M.S.) 3/4 DE TIEMPO', '11,571.30', '14,003.65', '437.25', '530.75', '53.5', '64.95', '1,255.00', '737.2', '101.95'),
		('3/4 TIEMPO', 'E4761', 'PROFESOR ASOCIADO  C  (E.M.S.) 3/4 DE TIEMPO', '14,245.30', '17,134.55', '519.9', '631.25', '64.3', '78.15', '1,255.00', '737.2', '101.95'),
		('3/4 TIEMPO', 'E4763', 'PROFESOR TITULAR  C  (E.M.S.) 3/4 DE TIEMPO', '22,971.50', '27,625.45', '703.3', '854.15', '101.5', '123.3', '1,255.00', '737.2', '101.95'),
		('3/4 TIEMPO', 'E4777', 'TECNICO DOCENTE TITULAR  A  (E.M.S.) 3/4 TIEMPO', '12,662.45', '15,326.50', '474.1', '575.7', '56.9', '69', '1,255.00', '737.2', '101.95'),
		('3/4 TIEMPO', 'E4779', 'TECNICO DOCENTE TITULAR  B  (E.M.S.) 3/4 DE TIEMPO', '14,245.30', '17,240.80', '506.5', '615.8', '63.55', '77.15', '1,255.00', '737.2', '101.95'),
		('3/4 TIEMPO', 'E4781', 'TECNICO DOCENTE TITULAR  C  (E.M.S.) 3/4 DE TIEMPO', '16,440.30', '19,768.60', '569.1', '693.95', '74.45', '90.4', '1,255.00', '737.2', '101.95'),
		('TIEMPO COMPLETO ', 'E4819', 'PROFESOR ASISTENTE  A  (E.M.S.) TIEMPO COMPLETO', '8,373.90', '10,133.10', '332.7', '403.85', '36.45', '44.25', '1,255.00', '981.2', '135.6'),
		('TIEMPO COMPLETO', 'E4821', 'PROFESOR ASISTENTE  B  (E.M.S.) TIEMPO COMPLETO', '9,808.50', '11,873.50', '390.55', '473.9', '44.15', '53.5', '1,255.00', '981.2', '135.6'),
		('TIEMPO COMPLETO', 'E4823', 'PROFESOR ASOCIADO  A  (E.M.S.) TIEMPO COMPLETO', '15,007.45', '18,045.25', '556.1', '675.3', '67.75', '82.2', '1,255.00', '981.2', '135.6'),
		('TIEMPO COMPLETO', 'E4825', 'PROFESOR ASOCIADO  B  (E.M.S.) TIEMPO COMPLETO', '16,883.40', '20,302.80', '632.1', '767.6', '76.75', '93.15', '1,255.00', '981.2', '135.6'),
		('TIEMPO COMPLETO', 'E4827', 'PROFESOR TITULAR  A  (E.M.S.) TIEMPO COMPLETO', '21,920.65', '26,358.55', '763.35', '926.3', '99.3', '120.55', '1,255.00', '981.2', '135.6'),
		('TIEMPO COMPLETO', 'E4829', 'PROFESOR TITULAR  B  (E.M.S.) TIEMPO COMPLETO', '25,910.15', '31,155.90', '840.8', '1,020.85', '117.3', '142.5', '1,255.00', '981.2', '135.6'),
		('TIEMPO COMPLETO', 'E4847', 'TECNICO DOCENTE AUXILIAR  A  (E.M.S.) TIEMPO COMPLETO', '7,610.70', '9,211.50', '301.25', '365.95', '32.75', '39.65', '1,255.00', '981.2', '135.6'),
		('TIEMPO COMPLETO', 'E4849', 'TECNICO DOCENTE AUXILIAR  B  (E.M.S.) TIEMPO COMPLETO', '8,694.95', '10,524.95', '319', '387.75', '34.4', '41.75', '1,255.00', '981.2', '135.6'),
		('TIEMPO COMPLETO', 'E4851', 'TECNICO DOCENTE AUXILIAR  C  (E.M.S.) TIEMPO COMPLETO', '9,932.70', '12,024.60', '395.05', '479.65', '43', '52.3', '1,255.00', '981.2', '135.6'),
		('TIEMPO COMPLETO', 'E4853', 'TECNICO DOCENTE ASOCIADO  A  (E.M.S.) TIEMPO COMPLETO', '12,654.60', '15,314.25', '451.75', '548.5', '53.5', '64.95', '1,255.00', '981.2', '135.6'),
		('TIEMPO COMPLETO', 'E4855', 'TECNICO DOCENTE ASOCIADO  B  (E.M.S.) TIEMPO COMPLETO', '13,983.25', '16,926.35', '544.1', '660.75', '64.65', '78.5', '1,255.00', '981.2', '135.6'),
		('TIEMPO COMPLETO', 'E4857', 'TECNICO DOCENTE ASOCIADO  C  (E.M.S.) TIEMPO COMPLETO', '15,428.10', '18,671.45', '583', '707.65', '71.3', '86.55', '1,255.00', '981.2', '135.6'),
		('TIEMPO COMPLETO', 'E4861', 'PROFESOR ASOCIADO  C  (E.M.S.) TIEMPO COMPLETO', '18,993.80', '22,845.90', '693.2', '841.65', '85.75', '104.15', '1,255.00', '981.2', '135.6'),
		('TIEMPO COMPLETO', 'E4863', 'PROFESOR TITULAR  C  (E.M.S.) TIEMPO COMPLETO', '30,628.60', '36,834.35', '937.7', '1,138.85', '135.4', '164.4', '1,255.00', '981.2', '135.6'),
		('TIEMPO COMPLETO', 'E4877', 'TECNICO DOCENTE TITULAR  A  (E.M.S.) TIEMPO COMPLETO', '16,883.40', '20,435.50', '632.1', '767.6', '75.8', '92', '1,255.00', '981.2', '135.6'),
		('TIEMPO COMPLETO', 'E4879', 'TECNICO DOCENTE TITULAR  B  (E.M.S.) TIEMPO COMPLETO', '18,993.80', '22,987.35', '675.35', '821.05', '84.75', '102.8', '1,255.00', '981.2', '135.6'),
		('TIEMPO COMPLETO', 'E4881', 'TECNICO DOCENTE TITULAR  C  (E.M.S.) TIEMPO COMPLETO', '21,920.65', '26,358.55', '758.8', '925.25', '99.3', '120.55', '1,255.00', '981.2', '135.6');
	/*alter table cat_plaza_docens add foreign key(id) references docentes_tablas(id);
    alter table cat_plaza_docens add foreign key(id) references institucion_unos(id);
	alter table cat_plaza_docens add foreign key(id) references institucion_dos(id);*/
    
    CREATE TABLE cat_plaza_admins (
        id int(11) NOT NULL AUTO_INCREMENT primary key,
        categoriaA varchar(8) NOT NULL,
        denominacionA varchar(50) NOT NULL,
        nivel int(11) NOT NULL,
        ze2c07 varchar(250) NOT NULL,
        ze3c07 varchar(250) NOT NULL,
        ze2cet varchar(250) NOT NULL,
        ze3cet varchar(250) NOT NULL,
        c38 varchar(250) NOT NULL,
        created_at datetime NOT NULL default NOW(),
        updated_at datetime NOT NULL default NOW()
		)engine=InnoDB default charset=utf8mb4;
        INSERT INTO cat_plaza_admins(categoriaA,denominacionA,nivel,ze2c07,ze3c07,ze2cet,ze3cet,c38) 
		VALUES 	('XF21001', 'ABOGADO', 14, '10,086.50', '12,203.20', '778.45', '119.4', '1,255.00'),
						('XF21042', 'CONTADOR', 14, '10,086.50', '0', '778.45', '0', '1,255.00'),
						('XP05005', 'CONTADOR', 14, '10,086.50', '12,203.20', '778.45', '119.4', '1,255.00'),
						('XP13006', 'MEDICO GENERAL', 14, '10,086.50', '12,203.20', '778.45', '119.4', '1,255.00'),
						('XA01001', 'JEFE DE OFICINA', 13, '9,398.35', '11,370.25', '778.45', '119.4', '1,255.00'),
						('XF12005', 'PROGRAMADOR', 13, '9,398.35', '11,370.25', '778.45', '119.4', '1,255.00'),
						('XF34015', 'JEFE DE OFICINA', 13, '9,398.35', '11,370.25', '778.45', '119.4', '1,255.00'),
						('XF53034', 'SECRETARIA DE LA OFICINA DE DIRECTOR GENERAL', 13, '9,398.35', '0', '778.45', '0', '1,255.00'),
						('XF22011', 'INVESTIGADOR TITULAR', 12, '8,912.25', '10,782.80', '778.45', '119.4', '1,255.00'),
						('XT06018', 'PROGRAMADOR', 12, '0', '0', '0', '0', '1,255.00'),
						('XA01002', 'SUBJEFE DE OFICINA', 11, '8,474.70', '10,253.05', '778.45', '119.4', '1,255.00'),
						('XF22015', 'INVESTIGADOR TECNICO', 11, '8,474.70', '0', '778.45', '0', '1,255.00'),
						('XT06008', 'ADMINISTRADOR DE LA BASE DE DATOS', 11, '8,474.70', '10,253.05', '778.45', '119.4', '1,255.00'),
						('XA01003', 'JEFE DE SECCION', 10, '8,059.60', '9,751.60', '778.45', '119.4', '1,255.00'),
						('XF34006', 'SECRETARIA DE DIRECTOR DE AREA', 10, '8,059.60', '0', '778.45', '0', '1,255.00'),
						('XF34016', 'JEFE DE SECCION', 10, '8,059.60', '9,751.60', '778.45', '119.4', '1,255.00'),
						('XP12007', 'ABOGADO', 10, '0', '0', '0', '0', '1,255.00'),
						('XT03002', 'ANALISTA TECNICO', 10, '8,059.60', '9,751.60', '778.45', '119.4', '1,255.00'),
						('XA04003', 'ANALISTA DE SISTEMAS ADMINISTRATIVOS', 9, '7,669.75', '9,279.65', '778.45', '119.4', '1,255.00'),
						('XD02003', 'PEDAGOGO', 9, '7,669.75', '9,279.65', '778.45', '119.4', '1,255.00'),
						('XF33005', 'ANALISTA DE SISTEMAS ADMINISTRATIVOS', 9, '7,669.75', '0', '778.45', '0', '1,255.00'),
						('XP01002', 'ANALISTA ESPECIALIZADO', 9, '7,669.75', '9,279.65', '778.45', '119.4', '1,255.00'),
						('XP16004', 'PSICOLOGO', 9, '7,669.75', '9,279.65', '778.45', '119.4', '1,255.00'),
						('XT09004', 'ENFERMERA', 9, '7,669.75', '9,279.65', '778.45', '119.4', '1,255.00'),
						('XA08034', 'SECRETARIA DE DIRECTOR DE PLANTEL (EMS)', 8, '7,304.00', '8,837.85', '778.45', '119.4', '1,255.00'),
						('XF34003', 'SECRETARIA DE SUBDIRECTOR DE AREA', 8, '7,304.00', '0', '778.45', '0', '1,255.00'),
						('XT06027', 'CAPTURISTA', 8, '7,304.00', '8,837.85', '778.45', '119.4', '1,255.00'),
						('XT26005', 'TRABAJADORA SOCIAL', 8, '7,304.00', '8,837.85', '778.45', '119.4', '1,255.00'),
						('XA06001', 'PROMOTOR', 7, '6,944.45', '0', '778.45', '0', '1,255.00'),
						('XP05010', 'AUXILIAR DE CONTABILIDAD', 7, '6,944.45', '8,403.00', '778.45', '119.4', '1,255.00'),
						('XT03004', 'AUXILIAR DE ANALISTA TECNICO', 7, '6,944.45', '8,403.00', '778.45', '119.4', '1,255.00'),
						('XT08003', 'DIBUJANTE', 7, '6,944.45', '8,403.00', '778.45', '119.4', '1,255.00'),
						('XT15003', 'AUXILIAR DE INVESTIGADOR', 7, '6,944.45', '8,403.00', '778.45', '119.4', '1,255.00'),
						('XT26006', 'PASANTE DE TRABAJADORA SOCIAL', 7, '6,944.45', '8,403.00', '778.45', '119.4', '1,255.00'),
						('XA04012', 'AUXILIAR DE ANALISTA ADMINISTRATIVO', 6, '6,586.85', '7,969.25', '778.45', '119.4', '1,255.00'),
						('XA08036', 'SECRETARIA DE SUBDIRECTOR DE PLANTEL (EMS)', 6, '6,586.85', '7,969.25', '778.45', '119.4', '1,255.00'),
						('XF33060', 'AUXILIAR DE ANALISTA ADMINISTRATIVO', 6, '6,586.85', '0', '778.45', '0', '1,255.00'),
						('XT05003', 'BIBLIOTECARIO', 6, '6,586.85', '7,969.25', '778.45', '119.4', '1,255.00'),
						('XT13007', 'FOTOGRAFO', 6, '6,586.85', '7,969.25', '778.45', '119.4', '1,255.00'),
						('XT16008', 'TECNICO LABORATORISTA', 6, '6,586.85', '7,969.25', '778.45', '119.4', '1,255.00'),
						('XA05007', 'ARCHIVISTA', 5, '6,263.00', '7,577.70', '778.45', '119.4', '1,255.00'),
						('XA08021', 'SECRETARIA DE JEFE DE DEPARTAMENTO DE PLANTEL (EMS', 5, '6,263.00', '7,577.70', '778.45', '119.4', '1,255.00'),
						('XD02044', 'CONTROLADOR ESCOLAR', 5, '6,263.00', '7,577.70', '778.45', '119.4', '1,255.00'),
						('XF34004', 'SECRETARIA DE JEFE DE DEPARTAMENTO', 5, '6,263.00', '0', '778.45', '0', '1,255.00'),
						('XS05006', 'IMPRESOR', 5, '6,263.00', '7,577.70', '778.45', '119.4', '1,255.00'),
						('XS05015', 'OPERADOR DE MAQUINAS DE REPRODUCCION', 5, '6,263.00', '7,577.70', '778.45', '119.4', '1,255.00'),
						('XS12004', 'PINTOR', 5, '6,263.00', '7,577.70', '778.45', '119.4', '1,255.00'),
						('XS12008', 'CARPINTERO', 5, '6,263.00', '7,577.70', '778.45', '119.4', '1,255.00'),
						('XS12012', 'PLOMERO', 5, '6,263.00', '7,577.70', '778.45', '119.4', '1,255.00'),
						('XT22015', 'TECNICO AUDIOVISUAL', 5, '6,263.00', '7,577.70', '778.45', '119.4', '1,255.00'),
						('XA01015', 'GESTOR', 4, '5,972.20', '7,225.85', '778.45', '119.4', '1,255.00'),
						('XA01026', 'AUXILIAR ADMINISTRATIVO', 4, '5,972.20', '7,225.85', '778.45', '119.4', '1,255.00'),
						('XA03003', 'AUXILIAR DE INVENTARIOS', 4, '5,972.20', '7,225.85', '778.45', '119.4', '1,255.00'),
						('XA07003', 'AGENTE DE INFORMACION', 4, '5,972.20', '7,225.85', '778.45', '119.4', '1,255.00'),
						('XA08004', 'TAQUIMECANOGRAFA', 4, '5,972.20', '7,225.85', '778.45', '119.4', '1,255.00'),
						('XF34031', 'ALMACENISTA', 4, '5,972.20', '7,225.85', '778.45', '119.4', '1,255.00'),
						('XS08011', 'TECNICO EN MANTENIMIENTO', 4, '5,972.20', '7,225.85', '778.45', '119.4', '1,255.00'),
						('XS09007', 'ELECTRICISTA', 4, '5,972.20', '7,225.85', '778.45', '119.4', '1,255.00'),
						('XS12030', 'JARDINERO', 4, '5,972.20', '7,225.85', '778.45', '119.4', '1,255.00'),
						('XS13008', 'CHOFER', 4, '5,972.20', '7,225.85', '778.45', '119.4', '1,255.00'),
						('XS14003', 'VIGILANTE', 4, '5,972.20', '7,225.85', '778.45', '119.4', '1,255.00'),
						('XS14009', 'PREFECTO', 4, '5,972.20', '7,225.85', '778.45', '119.4', '1,255.00'),
						('XA01023', 'CONTROLADOR DE ASISTENCIA', 3, '5,711.70', '6,910.55', '778.45', '119.4', '1,255.00'),
						('XA03004', 'ALMACENISTA', 3, '0', '0', '0', '0', '1,255.00'),
						('XA05010', 'MENSAJERO', 3, '5,711.70', '6,910.55', '778.45', '119.4', '1,255.00'),
						('XA08005', 'MECANOGRAFA', 3, '5,711.70', '6,910.55', '778.45', '119.4', '1,255.00'),
						('XS05008', 'LINOTIPISTA', 3, '5,711.70', '6,910.55', '778.45', '119.4', '1,255.00'),
						('XS06002', 'INTENDENTE', 3, '5,711.70', '6,910.55', '778.45', '119.4', '1,255.00'),
						('XS06006', 'AUXILIAR DE INTENDENCIA', 3, '5,711.70', '6,910.55', '778.45', '119.4', '1,255.00'),
						('XS07008', 'AUXILIAR DE MANTENIMIENTO', 3, '5,711.70', '6,910.55', '778.45', '119.4', '1,255.00'),
						('XS14004', 'CONSERJE', 3, '5,711.70', '6,910.55', '778.45', '119.4', '1,255.00'),
						('XT05004', 'AUXILIAR DE BIBLIOTECA', 3, '5,711.70', '6,910.55', '778.45', '119.4', '1,255.00'),
						('XT16009', 'AUXILIAR DE LABORATORISTA', 3, '5,711.70', '6,910.55', '778.45', '119.4', '1,255.00');
		/*alter table cat_plaza_admins add foreign key(id) references docentes_tablas(id);
        alter table cat_plaza_admins add foreign key(id) references institucion_unos(id);
        alter table cat_plaza_admins add foreign key(id) references institucion_dos(id);*/
        
	create table if not exists cat_motivos(
        id int not null auto_increment primary key,
        motivos varchar (250) not null,
        created_at datetime NOT NULL default NOW(),
        updated_at datetime NOT NULL default NOW()
    )engine=InnoDB default charset=utf8mb4;
     INSERT INTO cat_motivos(motivos) VALUES ('Alta provisional por ley general del servicio profesional docente (01)'),
											 ('Alta por tiempo fijo por ley general del servicio profesional docente (02)'),
											 ('Alta definitiva por ley general del servicio profesional docente (03)'),
											 ('Alta Inicial (09)'),
											 ('Alta definitiva (10)'),
											 ('Alta Interina Limitada (10)'),
											 ('Alta por sustituto de Becario (22)'),
											 ('Alta en Gravidez (24)'),
											 ('Alta en Pensión (25)'),
											 ('Alta Provisional (95)'),
											 ('Alta en Confianza (96)'),
											 ('Prórroga de Nombramiento (97)'),
											 ('Alta Interina Limitada (20-1)'),
											 ('Alta Provisional (95-1)');
	/*alter table cat_motivos add foreign key(id) references docentes_tablas(id); 
    alter table cat_motivos add foreign key(id) references institucion_unos(id);
	alter table cat_motivos add foreign key(id) references institucion_dos(id);	*/		
    
    
    create table if not exists institucion_unos(
            id int not null auto_increment primary key,
			rfc varchar(20)not null,
            institucion varchar(250),
            fecha_ini varchar(20),
            fecha_termin varchar(20),
            puesto varchar (250),
            codi_pesu varchar (250),
            unidad_descripcion varchar(250),
            fecha_alta varchar(20),
            tipo_nom varchar(250),
            remuneracion varchar (250),
            partida varchar(250),
            ubicacion_centro varchar(250),
            created_at datetime NOT NULL default NOW(),
			updated_at datetime NOT NULL default NOW())engine=InnoDB default charset=utf8mb4;
            #alter table institucion_unos add foreign key(id) references formato_compatibilidads(id);


 create table if not exists institucion_dos(
            id int not null auto_increment primary key,
			rfc varchar(20)not null,
            institucion varchar(250),
            fecha_ini varchar(20),
            fecha_termin varchar(20),
            puesto varchar (250),
            codi_pesu varchar (250),
            unidad_descripcion varchar(250),
            fecha_alta varchar(20),
            tipo_nom varchar(250),
            remu_honorarios varchar(250),
            partida varchar(250),
            ubicacion_centro varchar(250),
            created_at datetime NOT NULL default NOW(),
			updated_at datetime NOT NULL default NOW())engine=InnoDB default charset=utf8mb4;
			#alter table institucion_dos add foreign key(id) references formato_compatibilidads(id);
            

 create table if not exists institucion_externas(
            id int not null auto_increment primary key,
			rfc varchar(20)not null,
            denominacion varchar (250) not null,
            puesto varchar (250) not null,
            nom_servidor varchar (250) not null,
            created_at datetime NOT NULL default NOW(),
			updated_at datetime NOT NULL default NOW())engine=InnoDB default charset=utf8mb4;
            

create table if not exists formato_compatibilidads(
            id int not null auto_increment primary key,
            nombre varchar(250)not null,
            apePaterno varchar(250) NOT NULL,
			apeMaterno varchar(250) NOT NULL,
            rfc varchar(20)not null,
            curp varchar(20) not null,
            created_at datetime NOT NULL default NOW(),
			updated_at datetime NOT NULL default NOW())engine=InnoDB default charset=utf8mb4;
            
            
create table if not exists checklists(
id int not null auto_increment primary key,
inst_uno_1_1 varchar(3),
inst_uno_1_2 varchar(3),
inst_uno_2_1 varchar(3),
inst_uno_2_2 varchar(3),
inst_uno_3_1 varchar(3),
inst_uno_3_2 varchar(3),
inst_uno_3_3 varchar(3),
inst_uno_3_4 varchar(3),
inst_uno_3_5 varchar(3),
inst_uno_3_6 varchar(3),
inst_uno_3_7 varchar(3),
inst_uno_3_8 varchar(3),
inst_uno_3_9 varchar(3),
inst_uno_3_10 varchar(3),
inst_uno_3_fecha varchar(15),
inst_uno_3_nombreAnalista varchar(100),
inst_dos_1_1 varchar(3),
inst_dos_1_2 varchar(3),
inst_dos_2_1 varchar(3),
inst_dos_2_2 varchar(3),
inst_dos_3_1 varchar(3),
inst_dos_3_2 varchar(3),
inst_dos_3_3 varchar(3),
inst_dos_3_4 varchar(3),
inst_dos_3_5 varchar(3),
inst_dos_3_6 varchar(3),
inst_dos_3_7 varchar(3),
inst_dos_3_8 varchar(3),
inst_dos_3_9 varchar(3),
inst_dos_3_10 varchar(3),
inst_dos_3_fecha varchar(15),
inst_dos_3_nombreAnalista varchar(100),
created_at datetime NOT NULL default NOW(),
updated_at datetime NOT NULL default NOW())engine=InnoDB default charset=utf8mb4;
/*alter table checklists add foreign key (id) references formato_compatibilidads(id);*/


CREATE TABLE registro_usuarios(
id int AUTO_INCREMENT NOT NULL PRIMARY KEY,
nombre varchar(250) NOT NULL,
apePaterno varchar(75) NOT NULL,
apeMaterno varchar(75) NOT NULL,
email varchar(75) NOT NULL,
pass varchar(50) NOT NULL,
confirm_password varchar(250) NOT NULL,
created_at datetime NOT NULL DEFAULT current_timestamp(),
updated_at datetime NOT NULL DEFAULT current_timestamp()
) ENGINE=InnoDB DEFAULT CHARSET=utf8mb4;
insert into registro_usuarios (nombre,apePaterno,apeMaterno,email,pass,confirm_password) values 
('pedro','pozos','rivera','pedropo@gmail.com',sha1('$Pedrinivis12'),sha1('$Pedrinivis12')),
('sandra','garcia','montes de oca','sandgam@gmail.com',sha1('$Sandra12'),sha1('$Sandra12')),
('hetzael','sanchez','martinez','hetzasama@gmail.com',sha1('$Hetzael12'),sha1('$Hetzael12'));
#SELECT * FROM simdirne_siscoem.registro_usuarios;

create table if not exists cat_entidades(
	id_entidades int not null auto_increment primary key,
	id int not null,
	entidad varchar(250) not null,
	created_at datetime NOT NULL default NOW(),
	updated_at datetime NOT NULL default NOW()
	)engine=InnoDB default charset=utf8mb4;
    INSERT INTO `cat_entidades` (`id`,`entidad`) VALUES (1,'AGUASCALIENTES');
		INSERT INTO `cat_entidades` (`id`,`entidad`) VALUES (2,'BAJA CALIFORNIA'); 
		INSERT INTO `cat_entidades` (`id`,`entidad`) VALUES (3,'BAJA CALIFORNIA SUR');
		INSERT INTO `cat_entidades` (`id`,`entidad`) VALUES (4,'CAMPECHE');
		INSERT INTO `cat_entidades` (`id`,`entidad`) VALUES (5,'COAHUILA');
		INSERT INTO `cat_entidades` (`id`,`entidad`) VALUES (6,'COLIMA');
		INSERT INTO `cat_entidades` (`id`,`entidad`) VALUES (7,'CHIAPAS');
		INSERT INTO `cat_entidades` (`id`,`entidad`) VALUES (8,'CHIHUAHUA');
		INSERT INTO `cat_entidades` (`id`,`entidad`) VALUES (9,'CIUDAD DE MEXICO');
		INSERT INTO `cat_entidades` (`id`,`entidad`) VALUES (10,'DURANGO');
		INSERT INTO `cat_entidades` (`id`,`entidad`) VALUES (11,'GUANAJUATO');
		INSERT INTO `cat_entidades` (`id`,`entidad`) VALUES (12,'GUERRERO');
		INSERT INTO `cat_entidades` (`id`,`entidad`) VALUES (13,'HIDALGO');
		INSERT INTO `cat_entidades` (`id`,`entidad`) VALUES (14,'JALISCO');
		INSERT INTO `cat_entidades` (`id`,`entidad`) VALUES (15,'ESTADO DE MEXICO');
		INSERT INTO `cat_entidades` (`id`,`entidad`) VALUES (16,'MICHOACÁN');
		INSERT INTO `cat_entidades` (`id`,`entidad`) VALUES (17,'MORELOS');
		INSERT INTO `cat_entidades` (`id`,`entidad`) VALUES (18,'NAYARIT');
		INSERT INTO `cat_entidades` (`id`,`entidad`) VALUES (19,'NUEVO LEON');
		INSERT INTO `cat_entidades` (`id`,`entidad`) VALUES (20,'OAXACA');
		INSERT INTO `cat_entidades` (`id`,`entidad`) VALUES (21,'PUEBLA');
		INSERT INTO `cat_entidades` (`id`,`entidad`) VALUES (22,'QUERETARO');
		INSERT INTO `cat_entidades` (`id`,`entidad`) VALUES (23,'QUINTANA ROO');
		INSERT INTO `cat_entidades` (`id`,`entidad`) VALUES (24,'SAN LUIS POTOSI');
		INSERT INTO `cat_entidades` (`id`,`entidad`) VALUES (25,'SINALOA');
		INSERT INTO `cat_entidades` (`id`,`entidad`) VALUES (26,'SONORA');
		INSERT INTO `cat_entidades` (`id`,`entidad`) VALUES (27,'TABASCO');
		INSERT INTO `cat_entidades` (`id`,`entidad`) VALUES (28,'TAMAULIPAS');
		INSERT INTO `cat_entidades` (`id`,`entidad`) VALUES (29,'TLAXCALA');
		INSERT INTO `cat_entidades` (`id`,`entidad`) VALUES (30,'VERACRUZ');
		INSERT INTO `cat_entidades` (`id`,`entidad`) VALUES (31,'YUCATAN');
		INSERT INTO `cat_entidades` (`id`,`entidad`) VALUES (32,'ZACATECAS');
        #alter table cat_entidades add foreign key(id) references registro_usuarios(id);
        
        
  create table if not exists cat_planteles(
            id_planteles int not null auto_increment primary key,
            id varchar (10) not null,
            estado varchar(250) not null,
            cct varchar(250) not null,
            plantel varchar(250) not null,
            nombre text (500) not null,
            domicilio text (500) not null,
            created_at datetime NOT NULL default NOW(),
			updated_at datetime NOT NULL default NOW())engine=InnoDB default charset=utf8mb4;
            INSERT INTO cat_planteles(id,estado,cct,plantel,nombre,domicilio)
					VALUES ('ID', 'ESTADO            ', 'CCT NUEVO', 'PLANTEL NUEVO', 'NOMBRE', 'DOMICILIO'),
					('CB279', 'AGUASCALIENTES', '01DCT0279R', 'CBTIS NO. 279', 'Centro de Bachillerato Tecnol?gico Industrial y de Servicios n?m. ', 'Carretera Libre No. M?xico 45 s/n. Col. Ejido Pe?uelas. Mun. Aguascalientes C.P. 20396'),
					('CB280', 'AGUASCALIENTES', '01DCT0280G', 'CBTIS NO. 280', 'Centro de Bachillerato Tecnol?gico Industrial y de Servicios n?m. ', 'Josefa Ortiz de Dom?nguez s/n. Col. Colonia La Guayana. Mun. San Francisco de los Romo C.P. '),
					('CB281', 'AGUASCALIENTES', '01DCT0281F', 'CBTIS NO. 281', 'Centro de Bachillerato Tecnol?gico Industrial y de Servicios n?m. ', 'Avenida Misi?n de San Jes?s M?ndez y Avenida Misi?n de San Crist?bal Magallanes s/n. Col. Fraccionamiento Misi?n de Santa Lucia. Mun. Aguascalien'),
					('CB282', 'AGUASCALIENTES', '01DCT0282E', 'CBTIS NO. 282', 'Centro de Bachillerato Tecnol?gico Industrial y de Servicios n?m. ', 'Avenida Vi?edos Rivier y la Calle Chato Morones s/n. Col. Fraccionamiento Cartagena 1947. Mun. Aguascalientes C.P. 20364'),
					('CB283', 'AGUASCALIENTES', '01DCT0283D', 'CBTIS NO. 283', 'Centro de Bachillerato Tecnol?gico Industrial y de Servicios n?m. ', 'Avenida Francisco de los Viveros Esq. Detilera s/n. Col. Fraccionamiento Balcones de Oriente. Mun. Aguascalientes C.P. 20196'),
					('CB284', 'AGUASCALIENTES', '01DCT0284C', 'CBTIS NO. 284', 'Centro de Bachillerato Tecnol?gico Industrial y de Servicios n?m. ', 'Carmen de Luna Sevilla y Calle Juventino de la Torre,  Manzana 75 s/n. Col. Fraccionamiento Guadalupe Peralta G?mez. Mun. Aguascalientes C.P. 201'),
					('CB168', 'AGUASCALIENTES', '01DCT0001F', 'CBTIS NO. 168', 'Centro de Bachillerato Tecnol?gico Industrial y de Servicios n?m. ', 'R?o Rhin s/n. Col. Fraccionamiento Colinas del R?o. Mun. Aguascalientes C.P. 20010'),
					('CE80', 'AGUASCALIENTES', '01DCT0002E', 'CETIS NO. 80', 'Centro de Estudios Tecnol?gicos Industrial y de Servicios n?m. 80', 'Coronel Luis Moya s/n. Col. Insurgentes. Mun. Aguascalientes C.P. 20287'),
					('CB195', 'AGUASCALIENTES', '01DCT0003D', 'CBTIS NO. 195', 'Centro de Bachillerato Tecnol?gico Industrial y de Servicios n?m. ', 'Avenida Revoluci?n s/n. Col. Ex Ejido Ojocaliente. Mun. Aguascalientes C.P. 20190'),
					('CE155', 'AGUASCALIENTES', '01DCT0004C', 'CETIS NO. 155', 'Centro de Estudios Tecnol?gicos Industrial y de Servicios n?m. 155', 'Perseo s/n. Col. Fraccionamiento Primo Verdad. Mun. Aguascalientes C.P. 20230'),
					('CB39', 'AGUASCALIENTES', '01DCT0199F', 'CBTIS NO. 39', 'Centro de Bachillerato Tecnol?gico Industrial y de Servicios n?m. ', 'Niza s/n. Col. Fraccionamiento Residencial Del Valle. Mun. Aguascalientes C.P. 20080'),
					('CB277', 'BAJA CALIFORNIA', '02DCT0277S', 'CBTIS NO. 277', 'Centro de Bachillerato Tecnol?gico Industrial y de Servicios n?m. ', 'Calzada Valle de las Palmas s/n. Col. Fraccionamiento Ciudad del Valle de las Palmas. Mun. Tijuana C.P. '),
					('CB278', 'BAJA CALIFORNIA', '02DCT0278R', 'CBTIS NO. 278', 'Centro de Bachillerato Tecnol?gico Industrial y de Servicios n?m. ', 'Camino Vecinal No. 1051. Col. Fraccionamiento Villas de Santa Fe II. Mun. Tijuana C.P.   22670'),
					('CE25', 'BAJA CALIFORNIA', '02DCT0410I', 'CETIS NO. 25', 'Centro de Estudios Tecnol?gicos Industrial y de Servicios n?m. 25', 'T?cnico Profesional y Calle Morelos s/n. Col. Industrial. Mun. Tecate C.P. 21430'),
					('CE18', 'BAJA CALIFORNIA', '02DCT0018E', 'CETIS NO. 18', 'Centro de Estudios Tecnol?gicos Industrial y de Servicios n?m. 18', 'R?o Rhin y R?o Paran? s/n. Col. Fraccionamiento Virreyes. Mun. Mexicali C.P. 21190'),
					('CE58', 'BAJA CALIFORNIA', '02DCT0058F', 'CETIS NO. 58', 'Centro de Estudios Tecnol?gicos Industrial y de Servicios n?m. 58', 'Boulevard Industrial y Calzada L?pez Portillo s/n. Col. Mesa de Otay. Mun. Tijuana C.P. 22510'),
					('CE75', 'BAJA CALIFORNIA', '02DCT0075W', 'CETIS NO. 75', 'Centro de Estudios Tecnol?gicos Industrial y de Servicios n?m. 75', 'R?o Moctezuma-Paseo Laguna s/n. Col. Gonz?lez Ortega. Mun. Mexicali C.P. 21600'),
					('CB21', 'BAJA CALIFORNIA', '02DCT0082F', 'CBTIS NO. 21', 'Centro de Bachillerato Tecnol?gico Industrial y de Servicios n?m. ', 'Calzada Cuauht?moc y R?o Elota s/n. Col. Santa Mar?a. Mun. Mexicali C.P. 21240'),
					('CB41', 'BAJA CALIFORNIA', '02DCT0201C', 'CBTIS NO. 41', 'Centro de Bachillerato Tecnol?gico Industrial y de Servicios n?m. ', 'Carretera Transpeninsular Km. 115 s/n. Col. Ex Ejido Chapultepec El Cipr?s. Mun. Ensenada C.P. 22785'),
					('CB237', 'BAJA CALIFORNIA', '02DCT0237R', 'CBTIS NO. 237', 'Centro de Bachillerato Tecnol?gico Industrial y de Servicios n?m. ', 'Camino a Mitla y Ruta Vicente Guerrero s/n. Col. Fraccionamiento Mariano Matamoros Mun. Tijuana C.P. 22500'),
					('CB116', 'BAJA CALIFORNIA', '02DCT0406W', 'CBTIS NO. 116', 'Centro de Bachillerato Tecnol?gico Industrial y de Servicios n?m. ', 'Avenida Alejandro Von Humboldt s/n. Col. Mesa de Otay. Mun. Tijuana C.P. 22510'),
					('CB140', 'BAJA CALIFORNIA', '02DCT0407V', 'CBTIS NO. 140', 'Centro de Bachillerato Tecnol?gico Industrial y de Servicios n?m. ', 'Avenida Francisco Villa No. 1452. Col. Fraccionamiento Villanova. Mun. Mexicali C.P. 21300'),
					('CB146', 'BAJA CALIFORNIA', '02DCT0408U', 'CBTIS NO. 146', 'Centro de Bachillerato Tecnol?gico Industrial y de Servicios n?m. ', 'Paseo Ensenada Parque Baja California No. 751. Col. Secci?n El Dorado Playas de Tijuana. Mun. Tijuana C.P. 22205'),
					('CB155', 'BAJA CALIFORNIA', '02DCT0409T', 'CBTIS NO. 155', 'Centro de Bachillerato Tecnol?gico Industrial y de Servicios n?m. ', 'Avenida Cristal y  Avenida La Paz No. 45. Col. Fraccionamiento Valle Del Rub?. Mun. Tijuana C.P. 22180'),
					('CE74', 'BAJA CALIFORNIA', '02DCT0411H', 'CETIS NO. 74', 'Centro de Estudios Tecnol?gicos Industrial y de Servicios n?m. 74', 'Norte 22 No. 329. Col. Ex Ejido Chapultepec. Mun. Ensenada C.P. 22785'),
					('CE156', 'BAJA CALIFORNIA', '02DCT0412G', 'CETIS NO. 156', 'Centro de Estudios Tecnol?gicos Industrial y de Servicios n?m. 156', 'Avenida del Parque s/n. Col. Fraccionamiento Mesa de Otay. Mun. Tijuana C.P. 22510'),
					('CE81', 'BAJA CALIFORNIA SUR', '03DCT0001D', 'CETIS NO. 81', 'Centro de Estudios Tecnol?gicos Industrial y de Servicios n?m. 81', 'Carretera Transpeninsular Km. 213.5 s/n. Col. Vargas. Mun. Comond? C.P. 23600'),
					('CB256', 'BAJA CALIFORNIA SUR', '03DCT0003B', 'CBTIS NO. 256', 'Centro de Bachillerato Tecnol?gico Industrial y de Servicios n?m. ', 'Los Pinos y Puerto Chileno s/n. Col. Arcos del Sol. Mun. Los Cabos C.P. 23478'),
					('CB230', 'BAJA CALIFORNIA SUR', '03DCT0230X', 'CBTIS NO. 230', 'Centro de Bachillerato Tecnol?gico Industrial y de Servicios n?m. ', 'Sonora e/20 de Noviembre y Bordo de Contenci?n. Col. Hermanos Flores Mag?n. Mun. La Paz C.P. 23040'),
					('CB62', 'BAJA CALIFORNIA SUR', '03DCT0232V', 'CBTIS NO. 62', 'Centro de Bachillerato Tecnol?gico Industrial y de Servicios n?m. ', 'Jalisco y Melit?n Alba s/n. Col. Infonavit. Mun. La Paz C.P. 23070'),
					('CB69', 'BAJA CALIFORNIA SUR', '03DCT0242B', 'CBTIS NO. 69', 'Centro de Bachillerato Tecnol?gico Industrial y de Servicios n?m. ', 'Calle No. 9 Junto a Compa s/n. Col. Cuauht?moc. Mun. Muleg? C.P. 23920'),
					('CE82', 'CAMPECHE', '04DCT0001C', 'CETIS NO. 82', 'Centro de Estudios Tecnol?gicos Industrial y de Servicios n?m. 82', 'Calle 1 / 12 y Hern?n Cort?s. Col. Ca?averal. Mun. Champot?n C.P. 24400'),
					('CE20', 'CAMPECHE', '04DCT0021Q', 'CETIS NO. 20', 'Centro de Estudios Tecnol?gicos Industrial y de Servicios n?m. 20', 'Avenida H?roes del 21 de abril de 1914 No. 18. Col. Playa Norte Mun. Carmen C.P. 24120'),
					('CB9', 'CAMPECHE', '04DCT0022P', 'CBTIS NO. 9', 'Centro de Bachillerato Tecnol?gico Industrial y de Servicios n?m. ', 'Calle Quer?taro por Paraguay s/n. Col. Santa Ana. Mun. Campeche C.P. 24050'),
					('CB126', 'CAMPECHE', '04DCT0427G', 'CBTIS NO. 126', 'Centro de Bachillerato Tecnol?gico Industrial y de Servicios n?m. ', 'Calle 22. Col. Benito Ju?rez. Mun. Calkin? C.P. 24900'),
					('CB144', 'CHIAPAS', '07DCT0001Z', 'CBTIS NO. 144', 'Centro de Bachillerato Tecnol?gico Industrial y de Servicios n?m. ', 'Calzada Mayor Julio Sabines No. 1982. Col. 24 de Junio. Mun. Tuxtla Guti?rrez C.P. 29000'),
					('CB170', 'CHIAPAS', '07DCT0002Z', 'CBTIS NO. 170', 'Centro de Bachillerato Tecnol?gico Industrial y de Servicios n?m. ', 'Carretera Tonala-Paredon Km. 1 s/n. Col.  Mun. Tonal? C.P. 30500'),
					('CB169', 'CHIAPAS', '07DCT0003Y', 'CBTIS NO. 169', 'Centro de Bachillerato Tecnol?gico Industrial y de Servicios n?m. ', 'Albores Guillen. Col. Albores Guillen. Mun. Cintalapa C.P. 30400'),
					('CE85', 'CHIAPAS', '07DCT0004X', 'CETIS NO. 85', 'Centro de Estudios Tecnol?gicos Industrial y de Servicios n?m. 85', 'Avenida L?zaro C?rdenas s/n. Col. Ejido Aquiles Serd?n. Mun. Huixtla C.P. 30640'),
					('CE138', 'CHIAPAS', '07DCT0005W', 'CETIS NO. 138', 'Centro de Estudios Tecnol?gicos Industrial y de Servicios n?m. 138', 'Libramiento Norte Oriente s/n Col. Paso Lim?n Mun. Tuxtla Guti?rrez C.P. 29040'),
					('CE136', 'CHIAPAS', '07DCT0006V', 'CETIS NO. 136', 'Centro de Estudios Tecnol?gicos Industrial y de Servicios n?m. 136', 'Carretera Comalapa - Cd. Cuauht?moc Km. 3.5. Col. El Anonal. Mun. Frontera Comalapa C.P. 30140'),
					('CB233', 'CHIAPAS', '07DCT0007U', 'CBTIS NO. 233', 'Centro de Bachillerato Tecnol?gico Industrial y de Servicios n?m. ', 'Carretera Panamericana Km 1084 s/n. Col. Plan de Ayala. Mun. Tuxtla Guti?rrez C.P. 29020'),
					('CB243', 'CHIAPAS', '07DCT0011G', 'CBTIS NO. 243', 'Centro de Bachillerato Tecnol?gico Industrial y de Servicios n?m. ', 'Calle Central Poniente s/n. Col. Barrio San Francisco. Mun. Motozintla C.P. 30900'),
					('CE137', 'CHIAPAS', '07DCT0012F', 'CETIS NO. 137', 'Centro de Estudios Tecnol?gicos Industrial y de Servicios n?m. 137', 'Prolongaci?n Duraznos s/n. Col. Fraccionamiento Los Laureles. Mun. Tapachula C.P. 30780'),
					('CE158', 'CHIAPAS', '07DCT0014D', 'CETIS NO. 158', 'Centro de Estudios Tecnol?gicos Industrial y de Servicios n?m. 158', 'Domicilio Conocido s/n. Col. Santa Catarina. Mun. Villaflores C.P. 30470'),
					('CB88', 'CHIAPAS', '07DCT0088V', 'CBTIS NO. 88', 'Centro de Bachillerato Tecnol?gico Industrial y de Servicios n?m. ', 'Rosas y Jacarandas s/n Col. Fracc. Los Laureles Mun. Tapachula C.P. 30780'),
					('CB92', 'CHIAPAS', '07DCT0301X', 'CBTIS NO. 92', 'Centro de Bachillerato Tecnol?gico Industrial y de Servicios n?m. ', 'Carretera Panamericana Km 1 s/n. Col.  Mun. San Crist?bal de las Casas C.P. 29200'),
					('CB108', 'CHIAPAS', '07DCT0305T', 'CBTIS NO. 108', 'Centro de Bachillerato Tecnol?gico Industrial y de Servicios n?m. ', 'Carretera Comit?n Margaritas Km. 2 s/n. Col.  Mun. Comit?n de Dom?nguez C.P. 30000'),
					('CB143', 'CHIHUAHUA', '08DCT0001Z', 'CBTIS NO. 143', 'Centro de Bachillerato Tecnol?gico Industrial y de Servicios n?m. ', 'Calle Educaci?n Tecnol?gica No. 102. Col. Aeropuerto. Mun. Camargo C.P. 33748'),
					('CB158', 'CHIHUAHUA', '08DCT0002Y', 'CBTIS NO. 158', 'Centro de Bachillerato Tecnol?gico Industrial y de Servicios n?m. ', 'Carretera a La Presa Chihuahua Km. 1.5 s/n. Col. Campestre las Alamedas. Mun. Chihuahua C.P. 31450'),
					('CB197', 'CHIHUAHUA', '08DCT0006U', 'CBTIS NO. 197', 'Centro de Bachillerato Tecnol?gico Industrial y de Servicios n?m. ', 'Prolongaci?n Calle Col?n s/n. Col. Agust?n Melgar. Mun. Saucillo C.P. 33620'),
					('CB138', 'CHIHUAHUA', '08DCT0009R', 'CBTIS NO. 138', 'Centro de Bachillerato Tecnol?gico Industrial y de Servicios n?m. ', 'Manuel L?pez D?vila 11 e Independencia s/n. Col. Manuel L?pez D?vila. Mun. Jim?nez C.P. 33980'),
					('CB228', 'CHIHUAHUA', '08DCT0010G', 'CBTIS NO. 228', 'Centro de Bachillerato Tecnol?gico Industrial y de Servicios n?m. ', 'Avenida Solidaridad No. 3. Col. PRI. Mun. Hidalgo del Parral C.P. 33825'),
					('CE86', 'CHIHUAHUA', '08DCT0011F', 'CETIS NO. 86', 'Centro de Estudios Tecnol?gicos Industrial y de Servicios n?m. 86', 'Avenida Palestina No. 10500. Col. Tabalaopa. Mun. Chihuahua C.P. 31376'),
					('CE93', 'CHIHUAHUA', '08DCT0012E', 'CETIS NO. 93', 'Centro de Estudios Tecnol?gicos Industrial y de Servicios n?m. 93', 'Avenida Plan Alem?n No. 1802. Col. Centro. Mun. Nuevo Casas Grandes C.P. 31700'),
					('CE87', 'CHIHUAHUA', '08DCT0013D', 'CETIS NO. 87', 'Centro de Estudios Tecnol?gicos Industrial y de Servicios n?m. 87', 'Carretera Rosetilla Km 4.5 s/n. Col.  Mun. Delicias C.P. 31000'),
					('CE98', 'CHIHUAHUA', '08DCT0014C', 'CETIS NO. 98', 'Centro de Estudios Tecnol?gicos Industrial y de Servicios n?m. 98', '24 y Presidio. Col. Tecnol?gico. Mun. Ojinaga C.P. 32880'),
					('CB266', 'CHIHUAHUA', '08DCT0228D', 'CBTIS No. 266', 'Centro de Bachillerato Tecnol?gico Industrial y de Servicios n?m. ', 'Calle 5 de Mayo. Col.  Mun. Balleza C.P. 33560'),
					('CB269', 'CHIHUAHUA', '08DCT0269D', 'CBTIS No. 269', 'Centro de Bachillerato Tecnol?gico Industrial y de Servicios n?m. ', 'Marcelo Carabeo No. 1880. Col. Estrella del Poniente. Mun. Ju?rez C.P. 32180'),
					('CB270', 'CHIHUAHUA', '08DCT0270T', 'CBTIS No. 270', 'Centro de Bachillerato Tecnol?gico Industrial y de Servicios n?m. ', 'Soneto No. 156. Col. Carlos Castillo Peraza. Mun. Ju?rez C.P. 32575'),
					('CB273', 'CHIHUAHUA', '08DCT0273Q', 'CBTIS NO. 273', 'Centro de Bachillerato Tecnol?gico Industrial y de Servicios n?m. ', 'Salvador G?mez y G?mez y 5a. s/n. Col.  Mun. Namiquipa C.P. '),
					('CB114', 'CHIHUAHUA', '08DCT0392D', 'CBTIS NO. 114', 'Centro de Bachillerato Tecnol?gico Industrial y de Servicios n?m. ', 'Calzada Benjam?n Herrera No. 2825. Col. Fraccionamiento Infonavit. Mun. Ju?rez C.P. 32600'),
					('CB117', 'CHIHUAHUA', '08DCT0413Z', 'CBTIS NO. 117', 'Centro de Bachillerato Tecnol?gico Industrial y de Servicios n?m. ', 'Calzada Belisario Ch?vez No. 5200. Col. Agr?cola San Antonio. Mun. Cuauht?moc C.P. 31510'),
					('CB122', 'CHIHUAHUA', '08DCT0423G', 'CBTIS NO. 122', 'Centro de Bachillerato Tecnol?gico Industrial y de Servicios n?m. ', '20a. Salvador Almanza Bustillos No. 9008. Col. Divisi?n del Norte. Mun. Chihuahua C.P. 31064'),
					('CB128', 'CHIHUAHUA', '08DCT0432O', 'CBTIS NO. 128', 'Centro de Bachillerato Tecnol?gico Industrial y de Servicios n?m. ', 'Nueva Zelanda No. 7870. Col. Fraccionamiento Oasis. Mun. Ju?rez C.P. 32690'),
					('CE61', 'CHIHUAHUA', '08DCT0433N', 'CETIS NO. 61', 'Centro de Estudios Tecnol?gicos Industrial y de Servicios n?m. 61', 'Gral. Pedro Bracamontes No. 8820. Col. Santa Mar?a. Mun. Ju?rez C.P. 32670'),
					('CE159', 'CHIHUAHUA', '08DCT0434M', 'CETIS NO. 159', 'Centro de Estudios Tecnol?gicos Industrial y de Servicios n?m. 159', 'Carretera a Parral Km. 3.5 s/n. Col.  Mun. San Francisco del Oro C.P. 33501'),
					('CE24', 'COAHUILA', '05DCT0024M', 'CETIS NO. 24', 'Centro de Estudios Tecnol?gicos Industrial y de Servicios n?m. 24', 'Boulevard Manuel ?vila Camacho s/n. Col. Nuevo Linares del Sur. Mun. Francisco I. Madero C.P. 27900'),
					('CE48', 'COAHUILA', '05DCT0048W', 'CETIS NO. 48', 'Centro de Estudios Tecnol?gicos Industrial y de Servicios n?m. 48', 'Calle Manzana 45 s/n. Col. Magisterial Estatal Secc. 38. Mun. Saltillo C.P. 25150'),
					('CB156', 'COAHUILA', '05DCT0050K', 'CBTIS NO. 156', 'Centro de Bachillerato Tecnol?gico Industrial y de Servicios n?m. ', 'Carretera Torre?n-Matamoros Km. 7 s/n. Col. La Amistad. Mun. Torre?n C.P. 27400'),
					('CE59', 'COAHUILA', '05DCT0059B', 'CETIS NO. 59', 'Centro de Estudios Tecnol?gicos Industrial y de Servicios n?m. 59', 'Calle M?yela s/n. Col. Ampliaci?n Margaritas. Mun. Torre?n C.P. 27130'),
					('CE60', 'COAHUILA', '05DCT0060R', 'CETIS NO. 60', 'Centro de Estudios Tecnol?gicos Industrial y de Servicios n?m. 60', 'Calle Crescencio Oranday No. 124. Col. Blanca Esthela. Mun. Ramos Arizpe C.P. 25900'),
					('CB20', 'COAHUILA', '05DCT0081D', 'CBTIS NO. 20', 'Centro de Bachillerato Tecnol?gico Industrial y de Servicios n?m. ', 'Amador Chapa y Ramos Arizpe s/n. Col. F. Berrueta. Mun. Sabinas C.P. 26759'),
					('CE83', 'COAHUILA', '05DCT0083B', 'CETIS NO. 83', 'Centro de Estudios Tecnol?gicos Industrial y de Servicios n?m. 83', 'Carretera Torre?n-San Pedro No. 243 Col. Fte. Cd. Industrial Mun. Torre?n C.P. 27019'),
					('CB34', 'COAHUILA', '05DCT0173U', 'CBTIS NO. 34', 'Centro de Bachillerato Tecnol?gico Industrial y de Servicios n?m. ', 'Avenida Tecnol?gico s/n. Col. Andr?s S. Viesca. Mun. Piedras Negras C.P. 26080'),
					('CB36', 'COAHUILA', '05DCT0179O', 'CBTIS NO. 36', 'Centro de Bachillerato Tecnol?gico Industrial y de Servicios n?m. ', 'Colima s/n. Col. Colonia Chamizal. Mun. Monclova C.P. 25720'),
					('CB196', 'COAHUILA', '05DCT0196E', 'CBTIS NO. 196', 'Centro de Bachillerato Tecnol?gico Industrial y de Servicios n?m. ', 'Calzada L?zaro C?rdenas No. 900. Col. Jes?s R?os Rueda II. Mun. Matamoros C.P. 27446'),
					('CB54', 'COAHUILA', '05DCT0219Z', 'CBTIS NO. 54', 'Centro de Bachillerato Tecnol?gico Industrial y de Servicios n?m. ', 'Carretera a Presa de La Amistad Km 4 s/n. Col. Zona Industrial. Mun. Acu?a C.P. 26220'),
					('CB235', 'COAHUILA', '05DCT0235Q', 'CBTIS NO. 235', 'Centro de Bachillerato Tecnol?gico Industrial y de Servicios n?m. ', 'Calle 20 s/n. Col. Ampliaci?n. Mun. Saltillo C.P. 25017'),
					('CB239', 'COAHUILA', '05DCT0239M', 'CBTIS NO. 239', 'Centro de Bachillerato Tecnol?gico Industrial y de Servicios n?m. ', 'Boulevard Dr. Le?nides Guadarrama Fern?ndez y Calle Primavera. Col. Carlos Salinas de Gortari. Mun. Nava C.P. 26170'),
					('CB97', 'COAHUILA', '05DCT0330U', 'CBTIS NO. 97', 'Centro de Bachillerato Tecnol?gico Industrial y de Servicios n?m. ', 'Carretera Zacatecas  Km. 4 y Boulevard Oscar V?lez. Col. Ampliaci?n 26 de Marzo. Mun. Saltillo C.P. 25070'),
					('CE46', 'COAHUILA', '05DCT0427F', 'CETIS NO. 46', 'Centro de Estudios Tecnol?gicos Industrial y de Servicios n?m. 46', 'Carretera 30 Km. 7 s/n Col. H?roe de Nacozari Mun. Frontera C.P. 25610'),
					('CB127', 'COAHUILA', '05DCT0428E', 'CBTIS NO. 127', 'Centro de Bachillerato Tecnol?gico Industrial y de Servicios n?m. ', 'Carretera San Pedro-Tacubaya Km. 2. Col. El Chamizal. Mun. San Pedro C.P. 27845'),
					('CB285', 'COLIMA', '06DCT0285K', 'CBTIS NO. 285', 'Centro de Bachillerato Tecnol?gico Industrial y de Servicios n?m. ', 'Calle Gral. Miguel Bracamontes No. 850. Col. Colonia Valle de las Palmas. Mun. Tecom?n C.P. 28180'),
					('CB19', 'COLIMA', '06DCT0019Z', 'CBTIS NO. 19', 'Centro de Bachillerato Tecnol?gico Industrial y de Servicios n?m. ', 'Avenida Gonzalo de Sandoval No. 330. Col. Las V?boras. Mun. Colima C.P. 28000'),
					('CE84', 'COLIMA', '06DCT0084Z', 'CETIS NO. 84', 'Centro de Estudios Tecnol?gicos Industrial y de Servicios n?m. 84', 'Mat?as Romero s/n. Col. Campos. Mun. Manzanillo C.P. 28809'),
					('CB157', 'COLIMA', '06DCT0157B', 'CBTIS NO. 157', 'Centro de Bachillerato Tecnol?gico Industrial y de Servicios n?m. ', 'Lic. Benito Ju?rez No. 1180. Col. Gral. Manuel ?lvarez. Mun. Villa de ?lvarez C.P. 28984'),
					('CE157', 'COLIMA', '06DCT0158A', 'CETIS NO. 157', 'Centro de Estudios Tecnol?gicos Industrial y de Servicios n?m. 157', 'Zaragoza 85 No. 85. Col. Tuxpita. Mun. Cuauht?moc C.P. 28500'),
					('CE1', 'DISTRITO FEDERAL', '09DCT0018Y', 'CETIS NO. 1', 'Centro de Estudios Tecnol?gicos Industrial y de Servicios n?m. 1', 'Eje 10 Sur y Estanislao Ram?rez s/n. Col. Colonia Selene. Mun. Tl?huac C.P. 13420'),
					('CE2', 'DISTRITO FEDERAL', '09DCT0019X', 'CETIS NO. 2', 'Centro de Estudios Tecnol?gicos Industrial y de Servicios n?m. 2', 'Avenida H?dalgo s/n. Col. Colonia del Carmen Coyoac?n. Mun. Coyoac?n C.P. 04100'),
					('CE3', 'DISTRITO FEDERAL', '09DCT0020M', 'CETIS NO. 3', 'Centro de Estudios Tecnol?gicos Industrial y de Servicios n?m. 3', 'Calle Xocongo No. 26. Col. Colonia Tr?nsito. Mun. Cuauht?moc C.P. 06820'),
					('CE4', 'DISTRITO FEDERAL', '09DCT0021L', 'CETIS NO. 4', 'Centro de Estudios Tecnol?gicos Industrial y de Servicios n?m. 4', 'Avenida de Las Granjas No. 283. Col. Colonia Jard?n Azpeitia. Mun. Azcapotzalco C.P. 02530'),
					('CE5', 'DISTRITO FEDERAL', '09DCT0022K', 'CETIS NO. 5', 'Centro de Estudios Tecnol?gicos Industrial y de Servicios n?m. 5', 'Calle Pet?n Y Republicas No. 963. Col. Colonia Santa Cruz Atoyac. Mun. Benito Ju?rez C.P. 03310'),
					('CE6', 'DISTRITO FEDERAL', '09DCT0023J', 'CETIS NO. 6', 'Centro de Estudios Tecnol?gicos Industrial y de Servicios n?m. 6', 'Calzada De Tl?huac Y Cuitl?huac No. 50. Col. Colonia Reyes Culhuac?n. Mun. Iztapalapa C.P. 09840'),
					('CE7', 'DISTRITO FEDERAL', '09DCT0024I', 'CETIS NO. 7', 'Centro de Estudios Tecnol?gicos Industrial y de Servicios n?m. 7', 'Avenida Luis Espinoza s/n. Col. Colonia Solidaridad Nacional. Mun. Gustavo A. Madero C.P. 07268'),
					('CE8', 'DISTRITO FEDERAL', '09DCT0025H', 'CETIS NO. 8', 'Centro de Estudios Tecnol?gicos Industrial y de Servicios n?m. 8', 'Calle Lago Alberto No. 431. Col. Colonia An?huac. Mun. Miguel Hidalgo C.P. 11320'),
					('CE9', 'DISTRITO FEDERAL', '09DCT0026G', 'CETIS NO. 9', 'Centro de Estudios Tecnol?gicos Industrial y de Servicios n?m. 9', 'Calle Mina y Riva Palacio No. 1. Col. Colonia Guerrero. Mun. Cuauht?moc C.P. 06300'),
					('CE10', 'DISTRITO FEDERAL', '09DCT0027F', 'CETIS NO. 10', 'Centro de Estudios Tecnol?gicos Industrial y de Servicios n?m. 10', 'Calle Tiziano No. 223 Col. Colonia Alfonso XIII Mun. ?lvaro Obreg?n C.P. 01460'),
					('CE11', 'DISTRITO FEDERAL', '09DCT0028E', 'CETIS NO. 11', 'Centro de Estudios Tecnol?gicos Industrial y de Servicios n?m. 11', 'Calle Bucareli No. 117. Col. Colonia Ju?rez. Mun. Cuauht?moc C.P. 06600'),
					('CE13', 'DISTRITO FEDERAL', '09DCT0029D', 'CETIS NO. 13', 'Centro de Estudios Tecnol?gicos Industrial y de Servicios n?m. 13', 'Calle Enrico Mart?nez No. 25. Col. Ciudadela. Mun. Cuauht?moc C.P. 06040'),
					('CE29', 'DISTRITO FEDERAL', '09DCT0030T', 'CETIS NO. 29', 'Centro de Estudios Tecnol?gicos Industrial y de Servicios n?m. 29', 'Calle Margen Izquierdo Rio Oyametla s/n. Col. Colonia Chimalpa. Mun. Cuajimalpa de Morelos C.P. 05050'),
					('CE30', 'DISTRITO FEDERAL', '09DCT0031S', 'CETIS NO. 30', 'Centro de Estudios Tecnol?gicos Industrial y de Servicios n?m. 30', 'Av. Cienfuegos No. 1017 Col. Colonia San Pedro Zacatenco Mun. Gustavo A. Madero C.P. 07360'),
					('CE32', 'DISTRITO FEDERAL', '09DCT0033Q', 'CETIS NO. 32', 'Centro de Estudios Tecnol?gicos Industrial y de Servicios n?m. 32', 'Calle Antiguo Lecho del R?o Churubusco s/n. Col. Colonia Adolfo L?pez Mateos. Mun. Venustiano Carranza C.P. 15670'),
					('CE33', 'DISTRITO FEDERAL', '09DCT0034P', 'CETIS NO. 33', 'Centro de Estudios Tecnol?gicos Industrial y de Servicios n?m. 33', 'Calle Hacienda Narvarte No. 84. Col. Colonia Prados del Rosario. Mun. Azcapotzalco C.P. 02410'),
					('CE39', 'DISTRITO FEDERAL', '09DCT0035O', 'CETIS NO. 39', 'Centro de Estudios Tecnol?gicos Industrial y de Servicios n?m. 39', 'Avenida Acueducto No. 5511. Col. Colonia Ampliaci?n Tepepan. Mun. Xochimilco C.P. 16020'),
					('CE42', 'DISTRITO FEDERAL', '09DCT0036N', 'CETIS NO. 42', 'Centro de Estudios Tecnol?gicos Industrial y de Servicios n?m. 42', 'Avenida M?xico s/n. Col. Colonia Ixtlahuacan. Mun. Iztapalapa C.P. 09690'),
					('CE49', 'DISTRITO FEDERAL', '09DCT0037M', 'CETIS NO. 49', 'Centro de Estudios Tecnol?gicos Industrial y de Servicios n?m. 49', 'Avenida Acueducto No. 95. Col. Colonia Ampliaci?n Tepepan. Mun. Xochimilco C.P. 16030'),
					('CE51', 'DISTRITO FEDERAL', '09DCT0039K', 'CETIS NO. 51', 'Centro de Estudios Tecnol?gicos Industrial y de Servicios n?m. 51', 'Calle Xocoyote y Xamimilulco s/n. Col. Colonia Arenal 4a. Secci?n. Mun. Venustiano Carranza C.P. 15600'),
					('CE52', 'DISTRITO FEDERAL', '09DCT0040Z', 'CETIS NO. 52', 'Centro de Estudios Tecnol?gicos Industrial y de Servicios n?m. 52', 'Calzada Desierto de los Leones Km. 25 s/n. Col. Colonia San Bartolo Ameyanco. Mun. ?lvaro Obreg?n C.P. 01800'),
					('CE53', 'DISTRITO FEDERAL', '09DCT0041Z', 'CETIS NO. 53', 'Centro de Estudios Tecnol?gicos Industrial y de Servicios n?m. 53', 'Calle Combate Celaya y Campa s/n. Col. Unidad Habitacional Vicente Guerrero. Mun. Iztapalapa C.P. 09200'),
					('CE54', 'DISTRITO FEDERAL', '09DCT0042Y', 'CETIS NO. 54', 'Centro de Estudios Tecnol?gicos Industrial y de Servicios n?m. 54', 'Calle 412 Esq. 608 s/n. Col. Colonia San Juan de Arag?n. Mun. Gustavo A. Madero C.P. 07470'),
					('CE55', 'DISTRITO FEDERAL', '09DCT0043X', 'CETIS NO. 55', 'Centro de Estudios Tecnol?gicos Industrial y de Servicios n?m. 55', 'Perif?rico s/n. Col. Unidad CTM Atzacoalco. Mun. Gustavo A. Madero C.P. 07090'),
					('CE56', 'DISTRITO FEDERAL', '09DCT0044W', 'CETIS NO. 56', 'Centro de Estudios Tecnol?gicos Industrial y de Servicios n?m. 56', 'Avenida Oriente 95 No. 4312. Col. Colonia Nueva Tenochtitl?n. Mun. Gustavo A. Madero C.P. 07830'),
					('CE57', 'DISTRITO FEDERAL', '09DCT0045V', 'CETIS NO. 57', 'Centro de Estudios Tecnol?gicos Industrial y de Servicios n?m. 57', 'Avenida Central s/n. Col. Unidad Habitacional Ej?rcito Constitucionalista. Mun. Iztapalapa C.P. 09220'),
					('CE76', 'DISTRITO FEDERAL', '09DCT0046U', 'CETIS NO. 76', 'Centro de Estudios Tecnol?gicos Industrial y de Servicios n?m. 76', 'Calzada la Viga No. 1040. Col. Fraccionamiento Benito Ju?rez. Mun. Iztacalco C.P. 08930'),
					('CE153', 'DISTRITO FEDERAL', '09DCT0047T', 'CETIS NO. 153', 'Centro de Estudios Tecnol?gicos Industrial y de Servicios n?m. 153', 'Eje 5 Sur (Av. Leyes de Reforma) y Canal de San Juan s/n Col. Leyes de Reforma Mun. Iztapalapa C.P. 09310'),
					('CE154', 'DISTRITO FEDERAL', '09DCT0048S', 'CETIS NO. 154', 'Centro de Estudios Tecnol?gicos Industrial y de Servicios n?m. 154', 'Calle Cedral s/n. Col. Colonia San Pedro M?rtir. Mun. Tlalpan C.P. 14650'),
					('CE166', 'DISTRITO FEDERAL', '09DCT0049R', 'CETIS NO. 166', 'Centro de Estudios Tecnol?gicos Industrial y de Servicios n?m. 166', 'Avenida Av. R?o de Los Remedios No. 454. Col. Colonia Guadalupe Proletaria. Mun. Gustavo A. Madero C.P. 07670'),
					('CE50', 'DISTRITO FEDERAL', '09DCT0050G', 'CETIS NO. 50', 'Centro de Estudios Tecnol?gicos Industrial y de Servicios n?m. 50', 'Calle Mat?as Romero No. 94. Col. Barrio San Lorenzo Tezonco. Mun. Iztapalapa C.P. 09900'),
					('CE152', 'DISTRITO FEDERAL', '09DCT0152D', 'CETIS NO. 152', 'Centro de Estudios Tecnol?gicos Industrial y de Servicios n?m. 152', 'Calle Gral. Sostenes Rocha No. 4. Col. Colonia Daniel Garza. Mun. Miguel Hidalgo C.P. 11830'),
					('CE167', 'DISTRITO FEDERAL', '09DCT0167F', 'CETIS NO. 167', 'Centro de Estudios Tecnol?gicos Industrial y de Servicios n?m. 167', 'Calle San Isidro s/n. Col. San Salvador Cuauhtenco. Alcaldia. Milpa Alta C.P. 12300'),
					('CE31', 'DISTRITO FEDERAL', '09DCT0403S', 'CETIS NO. 31', 'Centro de Estudios Tecnol?gicos Industrial y de Servicios n?m. 31', 'Andador Puente de Santana No. 501. Col. Colonia Cuchilla Ramos Mill?n. Mun. Iztacalco C.P. 08030'),
					('CB110', 'DURANGO', '10DCT0002M', 'CBTIS NO. 110', 'Centro de Bachillerato Tecnol?gico Industrial y de Servicios n?m. ', 'M?rtires de Sonora No. 221. Col. Agr?cola 20 de Noviembre. Mun. Durango C.P. 34235'),
					('CE47', 'DURANGO', '10DCT0047I', 'CETIS NO. 47', 'Centro de Estudios Tecnol?gicos Industrial y de Servicios n?m. 47', 'Calzada L. C?rdenas y Canal Sacramento s/n. Col. Parque Industrial Lagunero. Mun. G?mez Palacio C.P. 35070'),
					('CE88', 'DURANGO', '10DCT0088I', 'CETIS NO. 88', 'Centro de Estudios Tecnol?gicos Industrial y de Servicios n?m. 88', 'Benito D?az y J. Pablo Estrada s/n. Col. El Dorado. Mun. G?mez Palacio C.P. 35020'),
					('CB4', 'DURANGO', '10DCT0145J', 'CBTIS NO. 4', 'Centro de Bachillerato Tecnol?gico Industrial y de Servicios n?m. ', 'Boulevard Miguel Alem?n Col. Km. 6.98. Col. Centro. Mun. Lerdo C.P. 35150'),
					('CE148', 'DURANGO', '10DCT0148G', 'CETIS NO. 148', 'Centro de Estudios Tecnol?gicos Industrial y de Servicios n?m. 148', 'Plutarco El?as Calles No. 100. Col. Jos? L?pez Portillo. Mun. Durango C.P. 34010'),
					('CB159', 'DURANGO', '10DCT0159M', 'CBTIS NO. 159', 'Centro de Bachillerato Tecnol?gico Industrial y de Servicios n?m. ', 'Boulevard Jabonoso Km. 3. Col. P?nfilo Natera. Mun. G?mez Palacio C.P. 35070'),
					('CB42', 'DURANGO', '10DCT0202K', 'CBTIS NO. 42', 'Centro de Bachillerato Tecnol?gico Industrial y de Servicios n?m. ', 'G?mez Far?as, Ote. No. 508. Col.  Mun. Guadalupe Victoria C.P. 34700'),
					('CB58', 'DURANGO', '10DCT0228S', 'CBTIS NO. 58', 'Centro de Bachillerato Tecnol?gico Industrial y de Servicios n?m. ', 'Carretera Gregorio Garc?a-Tlahualilo Km. 47. Col.  Mun. Tlahualilo C.P. 35290'),
					('CB89', 'DURANGO', '10DCT0281N', 'CBTIS NO. 89', 'Centro de Bachillerato Tecnol?gico Industrial y de Servicios n?m. ', 'Prolongaci?n Jer?nimo Hern?ndez s/n. Col. Francisco Villa. Mun. Durango C.P. 34130'),
					('CB96', 'DURANGO', '10DCT0329Q', 'CBTIS NO. 96', 'Centro de Bachillerato Tecnol?gico Industrial y de Servicios n?m. ', 'Carretera a S?chil Km. 2. Col. J. Guadalupe Rodr?guez. Mun. Vicente Guerrero C.P. 34899'),
					('CB109', 'DURANGO', '10DCT0363X', 'CBTIS NO. 109', 'Centro de Bachillerato Tecnol?gico Industrial y de Servicios n?m. ', 'Prolongaci?n Corregidora s/n. Col. Centro. Mun. Poanas C.P. 34803'),
					('CB112', 'DURANGO', '10DCT0377Z', 'CBTIS NO. 112', 'Centro de Bachillerato Tecnol?gico Industrial y de Servicios n?m. ', 'Aviaci?n No. 5. Col.  Mun. Topia C.P. 34541'),
					('CB115', 'DURANGO', '10DCT0396O', 'CBTIS NO. 115', 'Centro de Bachillerato Tecnol?gico Industrial y de Servicios n?m. ', '1o.  de Mayo No. 1000. Col. Centro. Mun. Cuencam? C.P. 35805'),
					('CB130', 'DURANGO', '10DCT0398M', 'CBTIS NO. 130', 'Centro de Bachillerato Tecnol?gico Industrial y de Servicios n?m. ', 'Xicot?ncatl No. 204. Col. Fraccionamiento Los Fuentes. Mun. Durango C.P. 34170'),
					('CB133', 'ESTADO DE MEXICO', '15DCT0001I', 'CBTIS NO. 133', 'Centro de Bachillerato Tecnol?gico Industrial y de Servicios n?m. ', 'Avenida de Las Dalias No. 220. Col. Villa de las Flores. Mun. Coacalco de Berrioz?bal C.P. 55710'),
					('CE23', 'ESTADO DE MEXICO', '15DCT0002H', 'CETIS NO. 23', 'Centro de Estudios Tecnol?gicos Industrial y de Servicios n?m. 23', 'Avenida del Parque  Esq. Sauces s/n. Col. Parque Industrial Lerma. Mun. Lerma C.P. 52000'),
					('CE35', 'ESTADO DE MEXICO', '15DCT0003G', 'CETIS NO. 35', 'Centro de Estudios Tecnol?gicos Industrial y de Servicios n?m. 35', 'Circuito Dr. Gustavo Baz s/n. Col. M?xico Nuevo. Mun. Atizap?n de Zaragoza C.P. 52966'),
					('CE36', 'ESTADO DE MEXICO', '15DCT0004F', 'CETIS NO. 36', 'Centro de Estudios Tecnol?gicos Industrial y de Servicios n?m. 36', 'Avenida Margarita Maza de Ju?rez. Col. San Fco. Chilpan. Mun. Tultitl?n C.P. 54940'),
					('CE37', 'ESTADO DE MEXICO', '15DCT0005E', 'CETIS NO. 37', 'Centro de Estudios Tecnol?gicos Industrial y de Servicios n?m. 37', 'Avenida L?zaro C?rdenas s/n. Col. Benito Ju?rez. Mun. Nezahualc?yotl C.P. 57000'),
					('CE64', 'ESTADO DE MEXICO', '15DCT0006D', 'CETIS NO. 64', 'Centro de Estudios Tecnol?gicos Industrial y de Servicios n?m. 64', 'Avenida Benito Ju?rez y Juan Escutia s/n. Col. San Mateo Oxtotitl?n. Mun. Toluca C.P. 50100'),
					('CE65', 'ESTADO DE MEXICO', '15DCT0007C', 'CETIS NO. 65', 'Centro de Estudios Tecnol?gicos Industrial y de Servicios n?m. 65', 'Carretera M?xico-Pachuca Km. 2.5. Col. Colonia Sto. Tom?s Chiconautla. Mun. Ecatepec de Morelos C.P. 55050'),
					('CE92', 'ESTADO DE MEXICO', '15DCT0008B', 'CETIS NO. 92', 'Centro de Estudios Tecnol?gicos Industrial y de Servicios n?m. 92', 'Calle Morelos s/n. Col. Morelos Calacoaya. Mun. Atizap?n de Zaragoza C.P. 52985'),
					('CE94', 'ESTADO DE MEXICO', '15DCT0009A', 'CETIS NO. 94', 'Centro de Estudios Tecnol?gicos Industrial y de Servicios n?m. 94', 'Carretera Tejupilco Amatepec Km. 2.5. Col. Zacatepec. Mun. Tejupilco C.P. 51407'),
					('CE95', 'ESTADO DE MEXICO', '15DCT0010Q', 'CETIS NO. 95', 'Centro de Estudios Tecnol?gicos Industrial y de Servicios n?m. 95', 'V?a  V?a Jos? L?pez Portillo Km. 6.5. Col. L?zaro C?rdenas. Mun. Tultitl?n C.P. 54900'),
					('CE96', 'ESTADO DE MEXICO', '15DCT0011P', 'CETIS NO. 96', 'Centro de Estudios Tecnol?gicos Industrial y de Servicios n?m. 96', 'Emiliano Zapata s/n. Col. La Mora, San Martin Cuautlalpan. Mun. Chalco C.P. 56644'),
					('CE97', 'ESTADO DE MEXICO', '15DCT0012O', 'CETIS NO. 97', 'Centro de Estudios Tecnol?gicos Industrial y de Servicios n?m. 97', 'Carretera a Texcoco Km. 5.5. Col. Sn. Miguel Tlaixpan. Mun. Texcoco C.P. 56240'),
					('CE118', 'ESTADO DE MEXICO', '15DCT0013N', 'CETIS NO. 118', 'Centro de Estudios Tecnol?gicos Industrial y de Servicios n?m. 118', 'Camino Real de Huehetoca s/n. Col. San Jos? la loma, Zitlaltepec. Mun. Zumpango C.P. 55620'),
					('CE119', 'ESTADO DE MEXICO', '15DCT0014M', 'CETIS NO. 119', 'Centro de Estudios Tecnol?gicos Industrial y de Servicios n?m. 119', 'Avenida Ignacio Pichardo Pagaza s/n. Col. Fuentes de Arag?n. Mun. Ecatepec de Morelos C.P. 55210'),
					('CB6', 'ESTADO DE MEXICO', '15DCT0148B', 'CBTIS NO. 6', 'Centro de Bachillerato Tecnol?gico Industrial y de Servicios n?m. ', 'Final Oriente de Avenida Chimalhuac?n s/n. Col. Esperanza. Mun. Nezahualc?yotl C.P. 57800'),
					('CB29', 'ESTADO DE MEXICO', '15DCT0161W', 'CBTIS NO. 29', 'Centro de Bachillerato Tecnol?gico Industrial y de Servicios n?m. ', 'Avenida de los Insurgentes s/n. Col. Colonia Ejidal Emiliano Zapata. Mun. Ecatepec de Morelos C.P. 55020'),
					('CE165', 'ESTADO DE MEXICO', '15DCT0165S', 'CETIS NO. 165', 'Centro de Estudios Tecnol?gicos Industrial y de Servicios n?m. 165', 'Avenida Periodista. Col. Prensa Nacional. Mun. Tlalnepantla de Baz C.P. 54170'),
					('CB50', 'ESTADO DE MEXICO', '15DCT0210O', 'CBTIS NO. 50', 'Centro de Bachillerato Tecnol?gico Industrial y de Servicios n?m. ', 'Francisco M?rquez. Col. Tequesquinahuac. Mun. Tlalnepantla de Baz C.P. 54020'),
					('CB160', 'ESTADO DE MEXICO', '15DCT0211N', 'CBTIS NO. 160', 'Centro de Bachillerato Tecnol?gico Industrial y de Servicios n?m. ', 'Carretera a Tepotzotl?n Km. 36,  Vicente Guerrero Esq. Benito Ju?rez. Col. San Sebasti?n Xhala. Mun. Cuautitl?n Izcalli C.P. 54840'),
					('CB161', 'ESTADO DE MEXICO', '15DCT0212M', 'CBTIS NO. 161', 'Centro de Bachillerato Tecnol?gico Industrial y de Servicios n?m. ', 'Ex hacienda la Laguna. Col. San Pablo. Mun. Toluca C.P. 50290'),
					('CB180', 'ESTADO DE MEXICO', '15DCT0213L', 'CBTIS NO. 180', 'Centro de Bachillerato Tecnol?gico Industrial y de Servicios n?m. ', 'Carretera Jilotepec Km. 3.5. Col. Ejido de Coscomate. Mun. Jilotepec C.P. 54240'),
					('CB202', 'ESTADO DE MEXICO', '15DCT0214K', 'CBTIS NO. 202', 'Centro de Bachillerato Tecnol?gico Industrial y de Servicios n?m. ', 'Avenida Jardines de Morelos s/n. Col. Jardines de Morelos. Mun. Ecatepec de Morelos C.P. 55070'),
					('CB203', 'ESTADO DE MEXICO', '15DCT0215J', 'CBTIS NO. 203', 'Centro de Bachillerato Tecnol?gico Industrial y de Servicios n?m. ', 'Avenida Tecnol?gico Norte. Col. San Salvador Tizatlalli. Mun. Metepec C.P. 52140'),
					('CB227', 'ESTADO DE MEXICO', '15DCT0216I', 'CBTIS NO. 227', 'Centro de Bachillerato Tecnol?gico Industrial y de Servicios n?m. ', 'Paseo del Ferrocarril No.99 Col. Los Reyes Iztacala Mun. Tlalnepantla de Baz C.P. 54090'),
					('CE141', 'ESTADO DE MEXICO', '15DCT0217H', 'CETIS NO. 141', 'Centro de Estudios Tecnol?gicos Industrial y de Servicios n?m. 141', 'Avenida Jim?nez Cant? s/n. Col. Acatitla. Mun. Teotihuac?n C.P. 55800'),
					('CE150', 'GUANAJUATO', '11DCT0014Q', 'CETIS NO. 150', 'Centro de Estudios Tecnol?gicos Industrial y de Servicios n?m. 150', 'Carretera Apaseo- Quer?taro Km. 1 s/n. Col. Centro II. Mun. Apaseo el Alto C.P. 38500'),
					('CB139', 'GUANAJUATO', '11DCT0001M', 'CBTIS NO. 139', 'Centro de Bachillerato Tecnol?gico Industrial y de Servicios n?m. ', 'Emiliano Zapata y Aquiles Serd?n s/n. Col. Zona Centro. Mun. San Francisco del Rinc?n C.P. 36360'),
					('CB147', 'GUANAJUATO', '11DCT0002L', 'CBTIS NO. 147', 'Centro de Bachillerato Tecnol?gico Industrial y de Servicios n?m. ', 'Antonio Carrillo Flores No. 100. Col. Velasco Ibarra. Mun. Ac?mbaro C.P. 38687'),
					('CB148', 'GUANAJUATO', '11DCT0003K', 'CBTIS NO. 148', 'Centro de Bachillerato Tecnol?gico Industrial y de Servicios n?m. ', 'Carretera a Ocampo San Felipe Km. 2 s/n. Col. Ampliaci?n San Miguel. Mun. San Felipe C.P. 37600'),
					('CB75', 'GUANAJUATO', '11DCT0004J', 'CBTIS NO. 75', 'Centro de Bachillerato Tecnol?gico Industrial y de Servicios n?m. ', 'Avenida Educaci?n Tecnol?gica No. 2. Col. Centro. Mun. Dolores Hidalgo Cuna de la Independencia Nal. C.P. 37800'),
					('CB172', 'GUANAJUATO', '11DCT0005I', 'CBTIS NO. 172', 'Centro de Bachillerato Tecnol?gico Industrial y de Servicios n?m. ', 'Carretera Vista Hermosa s/n. Col.  Mun. Cortazar C.P. 38300'),
					('CB171', 'GUANAJUATO', '11DCT0006H', 'CBTIS NO. 171', 'Centro de Bachillerato Tecnol?gico Industrial y de Servicios n?m. ', 'Prolongaci?n Echegaray No. 416. Col. Ju?rez. Mun. Abasolo C.P. 36970'),
					('CB173', 'GUANAJUATO', '11DCT0007G', 'CBTIS NO. 173', 'Centro de Bachillerato Tecnol?gico Industrial y de Servicios n?m. ', 'Pueblito de Rocha s/n. Col. Pueblito de Rocha. Mun. Guanajuato C.P. 36000'),
					('CB174', 'GUANAJUATO', '11DCT0008F', 'CBTIS NO. 174', 'Centro de Bachillerato Tecnol?gico Industrial y de Servicios n?m. ', 'Buenavista y 20 De Nov. s/n. Col. Obreg?n. Mun. Manuel Doblado C.P. 36470'),
					('CB198', 'GUANAJUATO', '11DCT0009E', 'CBTIS NO. 198', 'Centro de Bachillerato Tecnol?gico Industrial y de Servicios n?m. ', 'Seizo Furuya s/n. Col. Zona Industrial. Mun. Celaya C.P. 38010'),
					('CB217', 'GUANAJUATO', '11DCT0010U', 'CBTIS NO. 217', 'Centro de Bachillerato Tecnol?gico Industrial y de Servicios n?m. ', 'Avenida Tecnol?gico s/n. Col. Loma Bonita. Mun. Uriangato C.P. 38980'),
					('CE77', 'GUANAJUATO', '11DCT0011T', 'CETIS NO. 77', 'Centro de Estudios Tecnol?gicos Industrial y de Servicios n?m. 77', 'Eta Esq. Omega s/n. Col. Fraccionamiento Industrial Delta. Mun. Le?n C.P. 37260'),
					('CB225', 'GUANAJUATO', '11DCT0013R', 'CBTIS NO. 225', 'Centro de Bachillerato Tecnol?gico Industrial y de Servicios n?m. ', 'Prolongaci?n Avellano s/n. Col. Fraccionamiento San Jer?nimo. Mun. Le?n C.P. 37140'),
					('CE89', 'GUANAJUATO', '11DCT0015P', 'CETIS NO. 89', 'Centro de Estudios Tecnol?gicos Industrial y de Servicios n?m. 89', 'Carretera Salvatierra-Cort?zar Km. 1.5 s/n. Col. Progreso. Mun. Salvatierra C.P. 38900'),
					('CE62', 'GUANAJUATO', '11DCT0016O', 'CETIS NO. 62', 'Centro de Estudios Tecnol?gicos Industrial y de Servicios n?m. 62', 'Leona Vicario s/n. Col. El Durazno. Mun. Salamanca C.P. 36740'),
					('CE149', 'GUANAJUATO', '11DCT0017N', 'CETIS NO. 149', 'Centro de Estudios Tecnol?gicos Industrial y de Servicios n?m. 149', 'Prolongaci?n Leona Vicario s/n. Col. Lindavista. Mun. Valle de Santiago C.P. 38400'),
					('CE21', 'GUANAJUATO', '11DCT0019L', 'CETIS NO. 21', 'Centro de Estudios Tecnol?gicos Industrial y de Servicios n?m. 21', 'Diego Hinojosa s/n. Col. Las Trojes. Mun. Le?n C.P. 37220'),
					('CB255', 'GUANAJUATO', '11DCT0020A', 'CBTIS NO. 255', 'Centro de Bachillerato Tecnol?gico Industrial y de Servicios n?m. ', 'Boulevard Centro CBTis 255 No. 100. Col. El Cuervo. Mun. Tarimoro C.P. 38700'),
					('CE115', 'GUANAJUATO', '11DCT0115O', 'CETIS NO. 115', 'Centro de Estudios Tecnol?gicos Industrial y de Servicios n?m. 115', 'M?xico-Jap?n No. 109. Col. Zona Industrial. Mun. Celaya C.P. 38010'),
					('CE160', 'GUANAJUATO', '11DCT0160A', 'CETIS NO. 160', 'Centro de Estudios Tecnol?gicos Industrial y de Servicios n?m. 160', 'Carretera Jaral - Valle Km. 0.75 s/n. Col. L?zaro C?rdenas. Mun. Jaral del Progreso C.P. 38470'),
					('CB60', 'GUANAJUATO', '11DCT0230F', 'CBTIS NO. 60', 'Centro de Bachillerato Tecnol?gico Industrial y de Servicios n?m. ', 'Educaci?n Tecnol?gica No. 4. Col. Lomas de San Miguel. Mun. San Miguel de Allende C.P. 37717'),
					('CB238', 'GUANAJUATO', '11DCT0238Y', 'CBTIS NO. 238', 'Centro de Bachillerato Tecnol?gico Industrial y de Servicios n?m. ', 'Carretera Juventino-Villagr?n Km 1 s/n. Col.  Mun. Santa Cruz de Juventino Rosas C.P. 38240'),
					('CB65', 'GUANAJUATO', '11DCT0366T', 'CBTIS NO. 65', 'Centro de Bachillerato Tecnol?gico Industrial y de Servicios n?m. ', 'Carretera a Silao Km 4.5 s/n. Col. Santa Fe. Mun. Irapuato C.P. 36620'),
					('CE139', 'GUANAJUATO', '11DCT0367S', 'CETIS NO. 139', 'Centro de Estudios Tecnol?gicos Industrial y de Servicios n?m. 139', 'Josefa Ort?z de Dom?nguez No. 1-B. Col. Progreso. Mun. Silao C.P. 36135'),
					('CB178', 'GUERRERO', '12DCT0466R', 'CBTIS NO. 178', 'Centro de Bachillerato Tecnol?gico Industrial y de Servicios n?m. ', 'Carretera Tlapa-Puebla Km 1.8 s/n. Col. Pir?mides de Contlalco. Mun. Tlapa de Comonfort C.P. 41304'),
					('CB134', 'GUERRERO', '12DCT0001L', 'CBTIS NO. 134', 'Centro de Bachillerato Tecnol?gico Industrial y de Servicios n?m. ', 'Carretera M?xico-Acapulco Km. 275.5 s/n. Col. Salubridad. Mun. Chilpancingo de los Bravo C.P. 39096'),
					('CB57', 'GUERRERO', '12DCT0002K', 'CBTIS NO. 57', 'Centro de Bachillerato Tecnol?gico Industrial y de Servicios n?m. ', 'Mar?a De La Luz S?nchez s/n. Col. Centro. Mun. Teloloapan C.P. 40400'),
					('CE41', 'GUERRERO', '12DCT0003J', 'CETIS NO. 41', 'Centro de Estudios Tecnol?gicos Industrial y de Servicios n?m. 41', 'Carretera Nacional Acapulco- Zihuatanejo Km. Km 6.5. Col. M?dulo Esc. Vicente Guerrero. Mun. Acapulco de Ju?rez C.P. 39430'),
					('CE45', 'GUERRERO', '12DCT0004I', 'CETIS NO. 45', 'Centro de Estudios Tecnol?gicos Industrial y de Servicios n?m. 45', 'Calle Mexicas s/n. Col. El Embalse. Mun. Zihuatanejo C.P. 40880'),
					('CE90', 'GUERRERO', '12DCT0005H', 'CETIS NO. 90', 'Centro de Estudios Tecnol?gicos Industrial y de Servicios n?m. 90', 'Alta Quebradora s/n. Col. Cd. Renacimiento. Mun. Acapulco de Ju?rez C.P. 39715'),
					('CE117', 'GUERRERO', '12DCT0006G', 'CETIS NO. 117', 'Centro de Estudios Tecnol?gicos Industrial y de Servicios n?m. 117', 'Cuauht?moc No. 234. Col. Cetis. Mun. Coyuca de Ben?tez C.P. 40991'),
					('CE116', 'GUERRERO', '12DCT0007F', 'CETIS NO. 116', 'Centro de Estudios Tecnol?gicos Industrial y de Servicios n?m. 116', 'Boulevard Vicente Guerrero No. 1. Col. Cd. Renacimiento. Mun. Acapulco de Ju?rez C.P. 39715'),
					('CE135', 'GUERRERO', '12DCT0008E', 'CETIS NO. 135', 'Centro de Estudios Tecnol?gicos Industrial y de Servicios n?m. 135', 'Cedros No. 13. Col. Jardines del Sur. Mun. Chilpancingo de los Bravo C.P. 39074'),
					('CB14', 'GUERRERO', '12DCT0037Z', 'CBTIS NO. 14', 'Centro de Bachillerato Tecnol?gico Industrial y de Servicios n?m. ', 'Carretera Nacional Acapulco-Zihuatanejo Km. 6 s/n. Col. Balcones al Mar. Mun. Acapulco de Ju?rez C.P. 39430'),
					('CB56', 'GUERRERO', '12DCT0222W', 'CBTIS NO. 56', 'Centro de Bachillerato Tecnol?gico Industrial y de Servicios n?m. ', 'Avenida del Estudiante 1 No. 1. Col. San Jos?. Mun. Iguala de la Independencia C.P. 40050'),
					('CB82', 'GUERRERO', '12DCT0275A', 'CBTIS NO. 82', 'Centro de Bachillerato Tecnol?gico Industrial y de Servicios n?m. ', 'Cerro de la Ermita s/n. Col. Monta?a de Plata. Mun. Taxco de Alarc?n C.P. 40200'),
					('CB216', 'GUERRERO', '12DCT0411O', 'CBTIS NO. 216', 'Centro de Bachillerato Tecnol?gico Industrial y de Servicios n?m. ', 'Atoyac la Y  Km. 1.5 s/n. Col. Lomas de Sur. Mun. Atoyac de ?lvarez C.P. 40930'),
					('CB176', 'GUERRERO', '12DCT0413M', 'CBTIS NO. 176', 'Centro de Bachillerato Tecnol?gico Industrial y de Servicios n?m. ', 'La Mira del Pescado s/n. Col. Benito Ju?rez. Mun. Marquelia C.P. 41934'),
					('CB175', 'GUERRERO', '12DCT0434Z', 'CBTIS NO. 175', 'Centro de Bachillerato Tecnol?gico Industrial y de Servicios n?m. ', 'Rinc?n Del Lucero s/n. Col. El Lucero. Mun. Huitzuco de los Figueroa C.P. 40130'),
					('CB177', 'GUERRERO', '12DCT0457J', 'CBTIS NO. 177', 'Centro de Bachillerato Tecnol?gico Industrial y de Servicios n?m. ', 'Carretera Nacional Acapulco-Zihuatanejo km. 98 s/n. Col. Colonia Aguas Blancas. Mun. T?cpan de Galeana C.P. 40900'),
					('CB286', 'HIDALGO', '13DCT0286F', 'CBTIS NO. 286', 'Centro de Bachillerato Tecnol?gico Industrial y de Servicios n?m. ', 'Avenida Quetzal No. 1101. Col. Colonia Santa Mar?a de la Calera. Mun. Mineral de la Reforma C.P. 42186'),
					('CB287', 'HIDALGO', '13DCT0287E', 'CBTIS NO. 287', 'Centro de Bachillerato Tecnol?gico Industrial y de Servicios n?m. ', 'Domicilio conocido, Camino a Romero. Col. San Pedro Huatengo, Rancho la Capilla. Mun. Santiago Tulantepec de Lugo Guerrero C.P. 43660'),
					('CB179', 'HIDALGO', '13DCT0001K', 'CBTIS NO. 179', 'Centro de Bachillerato Tecnol?gico Industrial y de Servicios n?m. ', 'La Ca?ada Adolfo Lugo Verduzco No. 105. Col. La Ca?ada Hidalgo Unido. Mun. Tulancingo de Bravo C.P. 43615'),
					('CB218', 'HIDALGO', '13DCT0003I', 'CBTIS NO. 218', 'Centro de Bachillerato Tecnol?gico Industrial y de Servicios n?m. ', 'Carretera Tlaxcoapan-Doxey Km 1 s/n. Col.  Mun. Tlaxcoapan C.P. 42950'),
					('CB200', 'HIDALGO', '13DCT0004H', 'CBTIS NO. 200', 'Centro de Bachillerato Tecnol?gico Industrial y de Servicios n?m. ', 'Agust?n de Iturbide s/n. Col. Tlaxinacalpan. Mun. Tepeji del R?o de Ocampo C.P. 42850'),
					('CB199', 'HIDALGO', '13DCT0005G', 'CBTIS NO. 199', 'Centro de Bachillerato Tecnol?gico Industrial y de Servicios n?m. ', 'Francisco Javier Mina esq. Cuitl?huac s/n. Col. La Estaci?n. Mun. Mixquiahuala de Ju?rez C.P. 42700'),
					('CB222', 'HIDALGO', '13DCT0006F', 'CBTIS NO. 222', 'Centro de Bachillerato Tecnol?gico Industrial y de Servicios n?m. ', 'Carretera M?xico-Pachuca Km. 84.5. Col. ISSSTE. Mun. Pachuca de Soto C.P. 42080'),
					('CE91', 'HIDALGO', '13DCT0007E', 'CETIS NO. 91', 'Centro de Estudios Tecnol?gicos Industrial y de Servicios n?m. 91', 'Calle Deportiva No. 3. Col. Huerto Nantzha. Mun. Tula de Allende C.P. 42800'),
					('CE26', 'HIDALGO', '13DCT0008D', 'CETIS NO. 26', 'Centro de Estudios Tecnol?gicos Industrial y de Servicios n?m. 26', 'Avenida Ignacio Zaragoza s/n. Col. Centro. Mun. Atitalaquia C.P. 42970'),
					('CE140', 'HIDALGO', '13DCT0009C', 'CETIS NO. 140', 'Centro de Estudios Tecnol?gicos Industrial y de Servicios n?m. 140', 'Aquiles Serd?n s/n. Col. San Isidro. Mun. Jacala de Ledezma C.P. 42200'),
					('CB8', 'HIDALGO', '13DCT0015N', 'CBTIS NO. 8', 'Centro de Bachillerato Tecnol?gico Industrial y de Servicios n?m. ', 'Boulevard Luis Donaldo Colosio s/n. Col. Zona industrial La Paz. Mun. Mineral de la Reforma C.P. 42092'),
					('CB5', 'HIDALGO', '13DCT0147E', 'CBTIS NO. 5', 'Centro de Bachillerato Tecnol?gico Industrial y de Servicios n?m. ', 'Avenida Luis Echeverr?a s/n. Col. Chililiapa. Mun. Zacualtip?n de ?ngeles C.P. 43200'),
					('CB59', 'HIDALGO', '13DCT0229O', 'CBTIS NO. 59', 'Centro de Bachillerato Tecnol?gico Industrial y de Servicios n?m. ', 'Carretera Cd. Sahagun-Apan Km. 1 s/n. Col. Zona Industrial. Mun. Tepeapulco C.P. 43998'),
					('CB83', 'HIDALGO', '13DCT0276Z', 'CBTIS NO. 83', 'Centro de Bachillerato Tecnol?gico Industrial y de Servicios n?m. ', 'H. Colegio Militar esq. Lic. Verdad s/n. Col. Rojo G?mez. Mun. Actopan C.P. 42500'),
					('CE14', 'JALISCO', '14DCT0244F', 'CETIS NO. 14', 'Centro de Estudios Tecnol?gicos Industrial y de Servicios n?m. 14', 'Paseo de Las Acacias No. 1220. Col. Tabachines. Mun. Zapopan C.P. 45180'),
					('CE63', 'JALISCO', '14DCT0001J', 'CETIS NO. 63', 'Centro de Estudios Tecnol?gicos Industrial y de Servicios n?m. 63', 'L?zaro C?rdenas No. 80. Col. Obrera. Mun. Ameca C.P. 46620'),
					('CB201', 'JALISCO', '14DCT0002I', 'CBTIS NO. 201', 'Centro de Bachillerato Tecnol?gico Industrial y de Servicios n?m. ', 'Agust?n Y??ez No. 150. Col. Patria. Mun. Poncitl?n C.P. 45950'),
					('CE73', 'JALISCO', '14DCT0003H', 'CETIS NO. 73', 'Centro de Estudios Tecnol?gicos Industrial y de Servicios n?m. 73', 'Carretera San Francisco de Rivas No. 500. Col.  Mun. La Barca C.P. 47910'),
					('CB226', 'JALISCO', '14DCT0004G', 'CBTIS NO. 226', 'Centro de Bachillerato Tecnol?gico Industrial y de Servicios n?m. ', 'Vicente Mendiola No. 26. Col. Loma Bonita. Mun. Zapotl?n el Grande C.P. 49020'),
					('CE162', 'JALISCO', '14DCT0005F', 'CETIS NO. 162', 'Centro de Estudios Tecnol?gicos Industrial y de Servicios n?m. 162', 'Avenida Zapotlanejo No. 91. Col. Bella Vista. Mun. Zapotlanejo C.P. 45430'),
					('CB274', 'JALISCO', '14DCT0006E', 'CBTIS NO. 274', 'Centro de Bachillerato Tecnol?gico Industrial y de Servicios n?m. ', 'Domicilio Conocido. Col.  Mun. Arandas C.P. '),
					('CB10', 'JALISCO', '14DCT0025T', 'CBTIS NO. 10', 'Centro de Bachillerato Tecnol?gico Industrial y de Servicios n?m. ', 'Sierra de Tecuan No. 2165 Col. Residencial San El?as Mun. Guadalajara C.P. 44230'),
					('CB49', 'JALISCO', '14DCT0209Z', 'CBTIS NO. 49', 'Centro de Bachillerato Tecnol?gico Industrial y de Servicios n?m. ', 'Avenida del Cecyt No. 100. Col. Nuevo Fuerte. Mun. Ocotl?n C.P. 47899'),
					('CB68', 'JALISCO', '14DCT0241I', 'CBTIS NO. 68', 'Centro de Bachillerato Tecnol?gico Industrial y de Servicios n?m. ', 'Avenida Polit?cnico Nacional No. 215. Col. Educaci?n. Mun. Puerto Vallarta C.P. 48338'),
					('CB70', 'JALISCO', '14DCT0243G', 'CBTIS NO. 70', 'Centro de Bachillerato Tecnol?gico Industrial y de Servicios n?m. ', 'Avenida ?ngel Ceniceros No. 6. Col. Centro. Mun. Tuxpan C.P. 49800'),
					('CB262', 'JALISCO', '14DCT0262V', 'CBTIS NO. 262', 'Centro de Bachillerato Tecnol?gico Industrial y de Servicios n?m. ', 'Dalia No. 454. Col. Bugambilias. Mun. Lagos de Moreno C.P. 47470'),
					('CB38', 'JALISCO', '14DCT0269O', 'CBTIS NO. 38', 'Centro de Bachillerato Tecnol?gico Industrial y de Servicios n?m. ', 'Javier Vargas No. 5330. Col. Paseo del Sol. Mun. Zapopan C.P. 45070'),
					('CB244', 'JALISCO', '14DCT0270D', 'CBTIS NO. 244', 'Centro de Bachillerato Tecnol?gico Industrial y de Servicios n?m. ', 'Prolongaci?n Bernardo Parga No. 85. Col. Los Fresnos. Mun. Magdalena C.P. 46470'),
					('CB247', 'JALISCO', '14DCT0271C', 'CBTIS NO. 247', 'Centro de Bachillerato Tecnol?gico Industrial y de Servicios n?m. ', 'Manuel J. Aguirre No. 304. Col. Bellavista. Mun. Teocaltiche C.P. 47200'),
					('CB245', 'JALISCO', '14DCT0272B', 'CBTIS NO. 245', 'Centro de Bachillerato Tecnol?gico Industrial y de Servicios n?m. ', 'Abasolo No. 330. Col. Cristo Rey. Mun. Ojuelos de Jalisco C.P. 47540'),
					('CB246', 'JALISCO', '14DCT0273A', 'CBTIS NO. 246', 'Centro de Bachillerato Tecnol?gico Industrial y de Servicios n?m. ', 'Boulevard El Rodeo No. 401. Col. El Vig?a. Mun. Zapopan C.P. 45140'),
					('CE161', 'JALISCO', '14DCT0274Z', 'CETIS NO. 161', 'Centro de Estudios Tecnol?gicos Industrial y de Servicios n?m. 161', 'Ju?rez No. 10. Col. Luis Echeverr?a. Mun. Tala C.P. 45300'),
					('CB204', 'MICHOACAN', '16DCT0001H', 'CBTIS NO. 204', 'Centro de Bachillerato Tecnol?gico Industrial y de Servicios n?m. ', 'Carretera Maravatio-Tlalpujahua s/n. Col. Barrio de Zapateros. Mun. Tlalpujahua C.P. 61060'),
					('CE34', 'MICHOACAN', '16DCT0002G', 'CETIS NO. 34', 'Centro de Estudios Tecnol?gicos Industrial y de Servicios n?m. 34', 'Avenida Ej?rcito Mexicano No. 1327. Col. 3er. Sector Fidelac. Mun. L?zaro C?rdenas C.P. 60950'),
					('CE28', 'MICHOACAN', '16DCT0003F', 'CETIS NO. 28', 'Centro de Estudios Tecnol?gicos Industrial y de Servicios n?m. 28', 'Carretera Federal No. 15 Toluca-Mor. Km. 108 s/n. Col. Zirahuato de los Bernal Mun. Zit?cuaro C.P. 61500'),
					('CE121', 'MICHOACAN', '16DCT0004E', 'CETIS NO. 121', 'Centro de Estudios Tecnol?gicos Industrial y de Servicios n?m. 121', 'Carretera Sahuayo-Guadalajara Km. 1 s/n. Col. Centro. Mun. Sahuayo C.P. 59000'),
					('CE27', 'MICHOACAN', '16DCT0028O', 'CETIS NO. 27', 'Centro de Estudios Tecnol?gicos Industrial y de Servicios n?m. 27', 'Carretera Carapan-Uruapan Km. 66.8 s/n. Col. La Basilia. Mun. Uruapan C.P. 60000'),
					('CB12', 'MICHOACAN', '16DCT0029N', 'CBTIS NO. 12', 'Centro de Bachillerato Tecnol?gico Industrial y de Servicios n?m. ', 'Presidente L?zaro C?rdenas No. 366. Col. Centro. Mun. Jiquilpan C.P. 59510'),
					('CB18', 'MICHOACAN', '16DCT0050Q', 'CBTIS NO. 18', 'Centro de Bachillerato Tecnol?gico Industrial y de Servicios n?m. ', 'Francisco Cedillo s/n. Col. Las Mesas. Mun. Angangueo C.P. 61410'),
					('CB181', 'MICHOACAN', '16DCT0065S', 'CBTIS NO. 181', 'Centro de Bachillerato Tecnol?gico Industrial y de Servicios n?m. ', 'Carretera Carapan-Uruapan Km. 41.2  Prolongaci?n  20 de Nov. s/n. Col.  Mun. Paracho C.P. 60250'),
					('CB182', 'MICHOACAN', '16DCT0110O', 'CBTIS NO. 182', 'Centro de Bachillerato Tecnol?gico Industrial y de Servicios n?m. ', 'Carretera Zinapecuaro-Cd. Hidalgo Km 1.5 s/n. Col. El Potrero. Mun. Zinap?cuaro C.P. 58930'),
					('CB162', 'MICHOACAN', '16DCT0112M', 'CBTIS NO. 162', 'Centro de Bachillerato Tecnol?gico Industrial y de Servicios n?m. ', 'Crescencio Morales Pte. No. 144. Col. Las Palmas. Mun. Zit?cuaro C.P. 61517'),
					('CE120', 'MICHOACAN', '16DCT0120V', 'CETIS NO. 120', 'Centro de Estudios Tecnol?gicos Industrial y de Servicios n?m. 120', 'Carretera a Charo Km. 1.5 s/n. Col. Cd. Industrial. Mun. Morelia C.P. 58200'),
					('CB149', 'MICHOACAN', '16DCT0149Z', 'CBTIS NO. 149', 'Centro de Bachillerato Tecnol?gico Industrial y de Servicios n?m. ', 'Perif?rico Paseo de la Republica No. 1149. Col. Ex Ejido Emiliano Zapata. Mun. Morelia C.P. 58180'),
					('CB52', 'MICHOACAN', '16DCT0212L', 'CBTIS NO. 52', 'Centro de Bachillerato Tecnol?gico Industrial y de Servicios n?m. ', 'Rub?n C. Navarro s/n. Col. La Floresta. Mun. Zamora C.P. 59610'),
					('CB84', 'MICHOACAN', '16DCT0277V', 'CBTIS NO. 84', 'Centro de Bachillerato Tecnol?gico Industrial y de Servicios n?m. ', 'V?a L?ctea s/n. Col. Fraccionamiento Cd. Del Sol. Mun. La Piedad C.P. 59310'),
					('CB288', 'MICHOACAN', '16DCT0288A', 'CBTIS NO. 288', 'Centro de Bachillerato Tecnol?gico Industrial y de Servicios n?m. ', 'Calle Jos? Mar?a Elizalde s/n. Col. Colonia El Progreso. Mun. San Lucas C.P. 61980'),
					('CB94', 'MICHOACAN', '16DCT0327M', 'CBTIS NO. 94', 'Centro de Bachillerato Tecnol?gico Industrial y de Servicios n?m. ', 'Libramiento Ignacio Zaragoza s/n. Col. Emiliano Zapata. Mun. P?tzcuaro C.P. 61607'),
					('CB136', 'MORELOS', '17DCT0001G', 'CBTIS NO. 136', 'Centro de Bachillerato Tecnol?gico Industrial y de Servicios n?m. ', 'Boulevard 17 de abril de 1869 s/n. Col. Los Pilares. Mun. Jojutla C.P. 62900'),
					('CB166', 'MORELOS', '17DCT0002F', 'CBTIS NO. 166', 'Centro de Bachillerato Tecnol?gico Industrial y de Servicios n?m. ', 'Avenida de Los Gallos s/n. Col. Tejalpa. Mun. Jiutepec C.P. 62570'),
					('CB76', 'MORELOS', '17DCT0003E', 'CBTIS NO. 76', 'Centro de Bachillerato Tecnol?gico Industrial y de Servicios n?m. ', 'Carretera M?xico-Oaxaca Km. 106.5 s/n. Col. Ampliaci?n Plan de Ayala. Mun. Cuautla C.P. 62743'),
					('CB194', 'MORELOS', '17DCT0004D', 'CBTIS NO. 194', 'Centro de Bachillerato Tecnol?gico Industrial y de Servicios n?m. ', 'Cerrada del Agrarista No. 1. Col. Buenavista. Mun. Ayala C.P. 62700'),
					('CB223', 'MORELOS', '17DCT0005C', 'CBTIS NO. 223', 'Centro de Bachillerato Tecnol?gico Industrial y de Servicios n?m. ', 'No Reelecci?n s/n. Col. L?zaro C?rdenas. Mun. Zacatepec de Hidalgo C.P. 62780'),
					('CE122', 'MORELOS', '17DCT0006B', 'CETIS NO. 122', 'Centro de Estudios Tecnol?gicos Industrial y de Servicios n?m. 122', 'Carretera Federal Alpuyeca-Jojutla Km. 5 s/n. Col. La Mesa. Mun. Puente de Ixtla C.P. 62670'),
					('CE43', 'MORELOS', '17DCT0007A', 'CETIS NO. 43', 'Centro de Estudios Tecnol?gicos Industrial y de Servicios n?m. 43', 'Sor Juana In?s de la Cruz esq. la Im?gen s/n. Col. La Cruz. Mun. Xochitepec C.P. 62790'),
					('CE99', 'MORELOS', '17DCT0008Z', 'CETIS NO. 99', 'Centro de Estudios Tecnol?gicos Industrial y de Servicios n?m. 99', 'Paseo Tlahuica No. 127. Col. Para?so. Mun. Yautepec C.P. 62730'),
					('CB232', 'MORELOS', '17DCT0009Z', 'CBTIS NO. 232', 'Centro de Bachillerato Tecnol?gico Industrial y de Servicios n?m. ', 'Avenida Ju?rez s/n. Col. El Charco. Mun. Tetecala C.P. 62620'),
					('CE44', 'MORELOS', '17DCT0011N', 'CETIS NO. 44', 'Centro de Estudios Tecnol?gicos Industrial y de Servicios n?m. 44', 'Avenida Otilio Monta No. 35. Col. Altavista Mun. Cuernavaca C.P. 62010'),
					('CE12', 'MORELOS', '17DCT0012M', 'CETIS NO. 12', 'Centro de Estudios Tecnol?gicos Industrial y de Servicios n?m. 12', 'Avenida de Los 50 Metros s/n. Col. CIVAC. Mun. Jiutepec C.P. 62578'),
					('CE100', 'NAYARIT', '18DCT0100F', 'CETIS NO. 100', 'Centro de Estudios Tecnol?gicos Industrial y de Servicios n?m. 100', 'Puerto Rico No. 36. Col. Colonia Miravalles. Mun. Tepic C.P. 63184'),
					('CB27', 'NAYARIT', '18DCT0157G', 'CBTIS NO. 27', 'Centro de Bachillerato Tecnol?gico Industrial y de Servicios n?m. ', 'Agust?n Melgar No. 118. Col. Amado Nervo. Mun. Ixtl?n del R?o C.P. 63940'),
					('CB100', 'NAYARIT', '18DCT0340E', 'CBTIS NO. 100', 'Centro de Bachillerato Tecnol?gico Industrial y de Servicios n?m. ', 'Carretera Fco. I. Madero Km. 12.5 s/n. Col. Oriente. Mun. Tepic C.P. 63500'),
					('CE66', 'NUEVO LEON', '19DCT0001E', 'CETIS NO. 66', 'Centro de Estudios Tecnol?gicos Industrial y de Servicios n?m. 66', 'Padre Mier No. 500. Col. Los Sauces. Mun. San Pedro Garza Garc?a C.P. 66200'),
					('CB22', 'NUEVO LEON', '19DCT0083E', 'CBTIS NO. 22', 'Centro de Bachillerato Tecnol?gico Industrial y de Servicios n?m. ', 'Laredo No. 300. Col. Mitras Norte. Mun. Monterrey C.P. 64320'),
					('CE101', 'NUEVO LEON', '19DCT0101D', 'CETIS NO. 101', 'Centro de Estudios Tecnol?gicos Industrial y de Servicios n?m. 101', 'Avenida Arturo B. de la Garza y Av. Eloy Cavazos s/n. Col. D?az Ordaz. Mun. Guadalupe C.P. 67180'),
					('CE163', 'NUEVO LEON', '19DCT0163Q', 'CETIS NO. 163', 'Centro de Estudios Tecnol?gicos Industrial y de Servicios n?m. 163', 'Avenida Gustavo D?az Ordaz s/n. Col. INFONAVIT. Mun. Montemorelos C.P. 67500'),
					('CB53', 'NUEVO LEON', '19DCT0213H', 'CBTIS NO. 53', 'Centro de Bachillerato Tecnol?gico Industrial y de Servicios n?m. ', 'Carretera Apodaca-Sta. Rosa No. 566. Col.  Mun. Apodaca C.P. 66600'),
					('CB74', 'NUEVO LEON', '19DCT0262Q', 'CBTIS NO. 74', 'Centro de Bachillerato Tecnol?gico Industrial y de Servicios n?m. ', 'Tenochtitl?n y Teotihuac?n s/n. Col. Infonavit la Joya 2do. Sector. Mun. Guadalupe C.P. 67160'),
					('CB99', 'NUEVO LEON', '19DCT0332V', 'CBTIS NO. 99', 'Centro de Bachillerato Tecnol?gico Industrial y de Servicios n?m. ', 'Valle del Mirador No. 500. Col. Valle del Mirador. Mun. Monterrey C.P. 64750'),
					('CB258', 'NUEVO LEON', '19DCT0333U', 'CBTIS NO. 258', 'Centro de Bachillerato Tecnol?gico Industrial y de Servicios n?m. ', 'Plinio D. Ordo?ez No. 801. Col. Hacienda del Topo. Mun. Gral. Escobedo C.P. 66072'),
					('CB25', 'OAXACA', '20DCT0001U', 'CBTIS NO. 25', 'Centro de Bachillerato Tecnol?gico Industrial y de Servicios n?m. ', 'Avenida Oleoducto 18 De Marzo s/n. Col. Hidalgo Oriente. Mun. Salina Cruz C.P. 70610'),
					('CB91', 'OAXACA', '20DCT0002T', 'CBTIS NO. 91', 'Centro de Bachillerato Tecnol?gico Industrial y de Servicios n?m. ', 'San Pedro y Libertad s/n. Col. Moderna. Mun. Ciudad Ixtepec C.P. 70110'),
					('CB2', 'OAXACA', '20DCT0003S', 'CBTIS NO. 2', 'Centro de Bachillerato Tecnol?gico Industrial y de Servicios n?m. ', 'Calzada Eliseo Gonz?lez y Leona Vicario s/n. Col. Barrio el Calvario. Mun. Heroica Ciudad de Tlaxiaco C.P. 69800'),
					('CB107', 'OAXACA', '20DCT0005Q', 'CBTIS NO. 107', 'Centro de Bachillerato Tecnol?gico Industrial y de Servicios n?m. ', 'Boulevard Benito Ju?rez s/n. Col.  Mun. San Juan Bautista Tuxtepec C.P. 68300'),
					('CB31', 'OAXACA', '20DCT0006P', 'CBTIS NO. 31', 'Centro de Bachillerato Tecnol?gico Industrial y de Servicios n?m. ', 'Avenida Morelos Esq. Con Galera No. 301. Col. El Baj?o. Mun. Mat?as Romero Avenda?o C.P. 70300'),
					('CB123', 'OAXACA', '20DCT0007O', 'CBTIS NO. 123', 'Centro de Bachillerato Tecnol?gico Industrial y de Servicios n?m. ', 'Avenida L?zaro C?rdenas No. 2018 Col. Santa Lucia del Camino Mun. Santa Luc?a del Camino C.P. 71228'),
					('CB26', 'OAXACA', '20DCT0008N', 'CBTIS NO. 26', 'Centro de Bachillerato Tecnol?gico Industrial y de Servicios n?m. ', 'Calzada a San Felipe del Agua s/n. Col. Centro. Mun. Oaxaca de Ju?rez C.P. 68020'),
					('CB90', 'OAXACA', '20DCT0009M', 'CBTIS NO. 90', 'Centro de Bachillerato Tecnol?gico Industrial y de Servicios n?m. ', 'Avenida Puebla. Col. Reforma. Mun. Loma Bonita C.P. 68400'),
					('CB150', 'OAXACA', '20DCT0010B', 'CBTIS NO. 150', 'Centro de Bachillerato Tecnol?gico Industrial y de Servicios n?m. ', 'Carretera Oaxaca-Puerto ?ngel Km. 33.5 s/n. Col. Loma Grande. Mun. Ocotl?n de Morelos C.P. 71510'),
					('CB183', 'OAXACA', '20DCT0012Z', 'CBTIS NO. 183', 'Centro de Bachillerato Tecnol?gico Industrial y de Servicios n?m. ', ' M?rtires Del 3 De Octubre s/n. Col. Feliciano Garc?a. Mun. Miahuatl?n de Porfirio D?az C.P. 70800'),
					('CB205', 'OAXACA', '20DCT0013Z', 'CBTIS NO. 205', 'Centro de Bachillerato Tecnol?gico Industrial y de Servicios n?m. ', 'Avenida Prol. Morelos s/n. Col. 2a.  Secci?n. Mun. Juchit?n de Zaragoza C.P. 70000'),
					('CE123', 'OAXACA', '20DCT0014Y', 'CETIS NO. 123', 'Centro de Estudios Tecnol?gicos Industrial y de Servicios n?m. 123', 'Carretera Teotitl?n-Tehuacan Km. 2 s/n. Col. San Miguel. Mun. Teotitl?n de Flores Mag?n C.P. 68540'),
					('CE103', 'OAXACA', '20DCT0015X', 'CETIS NO. 103', 'Centro de Estudios Tecnol?gicos Industrial y de Servicios n?m. 103', 'Avenida Cuauht?moc Esq. Lic. Pedro V?zquez Colmenares s/n. Col. Barrio Sta. Rosa. Mun. Villa de Tamazul?pam del Progreso C.P. 69510'),
					('CE102', 'OAXACA', '20DCT0016W', 'CETIS NO. 102', 'Centro de Estudios Tecnol?gicos Industrial y de Servicios n?m. 102', 'Emiliano Zapata s/n. Col. Barrio Chocano. Mun. Asunci?n Nochixtl?n C.P. 69600'),
					('CE124', 'OAXACA', '20DCT0017V', 'CETIS NO. 124', 'Centro de Estudios Tecnol?gicos Industrial y de Servicios n?m. 124', 'Domicilio Conocido s/n. Col. Ejido Sta. Paula. Mun. Tlacolula de Matamoros C.P. 70400'),
					('CB231', 'OAXACA', '20DCT0018U', 'CBTIS NO. 231', 'Centro de Bachillerato Tecnol?gico Industrial y de Servicios n?m. ', 'Avenida Benito Ju?rez s/n. Col. Centro. Mun. Santa Mar?a Huatulco C.P. 70980'),
					('CB248', 'OAXACA', '20DCT0019T', 'CBTIS NO. 248', 'Centro de Bachillerato Tecnol?gico Industrial y de Servicios n?m. ', 'Carretera Federal 131 a Puerto Escondido Km. 14 s/n. Col. San Jos?. Mun. Zimatl?n de ?lvarez C.P. 71200'),
					('CE38', 'OAXACA', '20DCT0020I', 'CETIS NO. 38', 'Centro de Estudios Tecnol?gicos Industrial y de Servicios n?m. 38', 'Carretera Internacional Km. 27 s/n. Col.  Mun. Santiago Suchilquitongo C.P. 68230'),
					('CB259', 'OAXACA', '20DCT0021H', 'CBTIS NO. 259', 'Centro de Bachillerato Tecnol?gico Industrial y de Servicios n?m. ', 'Camino Antiguo a San Bartolo Coyotepec. Col. Sta. Cruz Xoxocotl?n Mun. Santa Cruz Xoxocotl?n C.P. 71230'),
					('CB263', 'OAXACA', '20DCT0022G', 'CBTIS NO. 263', 'Centro de Bachillerato Tecnol?gico Industrial y de Servicios n?m. ', 'Libertad s/n. Col. Lomas del Santo. Mun. San Agust?n de las Juntas C.P. 71238'),
					('CB264', 'OAXACA', '20DCT0023F', 'CBTIS NO. 264', 'Centro de Bachillerato Tecnol?gico Industrial y de Servicios n?m. ', 'La Ceiba. Col. Llano Grande. Mun. Santa Mar?a Tonameca C.P. 70946'),
					('CB265', 'OAXACA', '20DCT0024E', 'CBTIS NO. 265', 'Centro de Bachillerato Tecnol?gico Industrial y de Servicios n?m. ', '20 de Noviembre No. 50. Col.  Mun. San Jacinto Amilpas C.P. 68285'),
					('CE168', 'OAXACA', '20DCT0168A', 'CETIS NO. 168', 'Centro de Estudios Tecnol?gicos Industrial y de Servicios n?m. 168', 'E. Carranza y Allende s/n. Col. Barrio San Antonio. Mun. Ciudad Ixtepec C.P. 70110'),
					('CB240', 'OAXACA', '20DCT0240U', 'CBTIS NO. 240', 'Centro de Bachillerato Tecnol?gico Industrial y de Servicios n?m. ', 'Ra?l Gonz?lez s/n. Col. Aeropuerto. Mun. San Pedro Mixtepec - Dto. 22 - C.P. 71980'),
					('CE67', 'PUEBLA', '21DCT0001T', 'CETIS NO. 67', 'Centro de Estudios Tecnol?gicos Industrial y de Servicios n?m. 67', 'Prolongaci?n Av. Hidalgo s/n. Col. San Crist?bal Tepontla. Mun. San Pedro Cholula C.P. 72760'),
					('CE17', 'PUEBLA', '21DCT0002S', 'CETIS NO. 17', 'Centro de Estudios Tecnol?gicos Industrial y de Servicios n?m. 17', 'Manuel P. Montes No. 31. Col. Ojo de Agua. Mun. San Mart?n Texmelucan C.P. 74000'),
					('CB184', 'PUEBLA', '21DCT0003R', 'CBTIS NO. 184', 'Centro de Bachillerato Tecnol?gico Industrial y de Servicios n?m. ', 'Carretera Matamoros-Atencingo Km. 1 s/n. Col. Fraccionamiento Rancho Juanitos. Mun. Iz?car de Matamoros C.P. 74440'),
					('CB257', 'PUEBLA', '21DCT0004Q', 'CBTIS NO. 257', 'Centro de Bachillerato Tecnol?gico Industrial y de Servicios n?m. ', '15 Sur  y 9 Poniente s/n. Col. Centro. Mun. Rafael Lara Grajales C.P. 75000'),
					('CB16', 'PUEBLA', '21DCT0046P', 'CBTIS NO. 16', 'Centro de Bachillerato Tecnol?gico Industrial y de Servicios n?m. ', 'Domicilio Conocido s/n. Col. Ricardo Flores Mag?n. Mun. Atlixco C.P. 74240'),
					('CB44', 'PUEBLA', '21DCT0204O', 'CBTIS NO. 44', 'Centro de Bachillerato Tecnol?gico Industrial y de Servicios n?m. ', 'Lic. Vicente Lombardo Toledano No. 1. Col. Barrio de Ahuateno. Mun. Teziutl?n C.P. 73816'),
					('CB241', 'PUEBLA', '21DCT0241S', 'CBTIS NO. 241', 'Centro de Bachillerato Tecnol?gico Industrial y de Servicios n?m. ', '20 Poniente No. 1. Col. La Curva. Mun. Oriental C.P. 75020'),
					('CB242', 'PUEBLA', '21DCT0242R', 'CBTIS NO. 242', 'Centro de Bachillerato Tecnol?gico Industrial y de Servicios n?m. ', 'Carretera Cuetzalan-Zacapoaxtla Km. 2.5. Col. Pahpatapan. Mun. Cuetzalan del Progreso C.P. 73560'),
					('CB86', 'PUEBLA', '21DCT0302P', 'CBTIS NO. 86', 'Centro de Bachillerato Tecnol?gico Industrial y de Servicios n?m. ', 'Avenida de los T?cnicos s/n. Col. Electricistas. Mun. Huauchinango C.P. 73160'),
					('CE104', 'PUEBLA', '21DCT0303O', 'CETIS NO. 104', 'Centro de Estudios Tecnol?gicos Industrial y de Servicios n?m. 104', 'Constituyentes No. 30. Col. Jos? Ma. Pino Suarez. Mun. Puebla C.P. 72020'),
					('CE151', 'PUEBLA', '21DCT0304N', 'CETIS NO. 151', 'Centro de Estudios Tecnol?gicos Industrial y de Servicios n?m. 151', 'Carretera Tepeaca-Tecali Km. 1 s/n. Col. Barrio San Miguel. Mun. Tepeaca C.P. 75200'),
					('CB229', 'PUEBLA', '21DCT0306L', 'CBTIS NO. 229', 'Centro de Bachillerato Tecnol?gico Industrial y de Servicios n?m. ', 'Miguel Hidalgo No. 341. Col. San Nicol?s Tetitzintla. Mun. Tehuac?n C.P. 75710'),
					('CB260', 'PUEBLA', '21DCT0307K', 'CBTIS NO. 260', 'Centro de Bachillerato Tecnol?gico Industrial y de Servicios n?m. ', 'Guadalupe Hidalgo 117 A Poniente No. 703. Col. Guadalupe Hidalgo. Mun. Puebla C.P. 72480'),
					('CB254', 'PUEBLA', '21DCT0308J', 'CBTIS NO. 254', 'Centro de Bachillerato Tecnol?gico Industrial y de Servicios n?m. ', '12 Norte No. 2. Col. Centro. Mun. Palmar de Bravo C.P. 75500'),
					('CB252', 'PUEBLA', '21DCT0309I', 'CBTIS NO. 252', 'Centro de Bachillerato Tecnol?gico Industrial y de Servicios n?m. ', 'Jaime Nuno No. 30. Col. Centro. Mun. San Salvador el Verde C.P. 74130'),
					('CE16', 'QUERETARO', '22DCT0016U', 'CETIS NO. 16', 'Centro de Estudios Tecnol?gicos Industrial y de Servicios n?m. 16', 'Avenida Pie de la Cuesta No. 1048. Col. San Pedrito Ecol?gico. Mun. Quer?taro C.P. 76000'),
					('CE105', 'QUERETARO', '22DCT0105N', 'CETIS NO. 105', 'Centro de Estudios Tecnol?gicos Industrial y de Servicios n?m. 105', 'Km. 3.5 Carr. Tlacote Col. Santa Mar?a Magdalena Mun. Quer?taro C.P. 76137'),
					('CE142', 'QUERETARO', '22DCT0142R', 'CETIS NO. 142', 'Centro de Estudios Tecnol?gicos Industrial y de Servicios n?m. 142', 'Venustiano Carranza No. 7. Col. Adolfo L?pez Mateos. Mun. Tequisquiapan C.P. 76750'),
					('CB145', 'QUERETARO', '22DCT0145O', 'CBTIS NO. 145', 'Centro de Bachillerato Tecnol?gico Industrial y de Servicios n?m. ', 'Avenida Paseo Central Km 0.3. Col. Centro. Mun. San Juan del R?o C.P. 76800'),
					('CB118', 'QUERETARO', '22DCT0419N', 'CBTIS NO. 118', 'Centro de Bachillerato Tecnol?gico Industrial y de Servicios n?m. ', 'Prolongaci?n Constituyentes Pte. s/n. Col.  Mun. Corregidora C.P. 76900'),
					('CB214', 'QUINTANA ROO', '23DCT0001R', 'CBTIS NO. 214', 'Centro de Bachillerato Tecnol?gico Industrial y de Servicios n?m. ', 'Heriberto Fr?as No. 652. Col. Del Bosque. Mun. Oth?n P. Blanco C.P. 77019'),
					('CB28', 'QUINTANA ROO', '23DCT0159Q', 'CBTIS NO. 28', 'Centro de Bachillerato Tecnol?gico Industrial y de Servicios n?m. ', 'Avenida Antonio Gonz?lez Fern?ndez con Ave. Pedro Joaqu?n Coldwell No. 600. Col. 10 de Abril. Mun. Cozumel C.P. 77622'),
					('CB72', 'QUINTANA ROO', '23DCT0245M', 'CBTIS NO. 72', 'Centro de Bachillerato Tecnol?gico Industrial y de Servicios n?m. ', 'Avenida Santiago Pacheco Cruz FCP No. 652. Col. Cecilio Chi. Mun. Felipe Carrillo Puerto C.P. 77230'),
					('CB253', 'QUINTANA ROO', '23DCT0253V', 'CBTIS NO. 253', 'Centro de Bachillerato Tecnol?gico Industrial y de Servicios n?m. ', 'Sac Xan s/n. Col. Solidaridad. Mun. Oth?n P. Blanco C.P. 77086'),
					('CB272', 'QUINTANA ROO', '23DCT0272J', 'CBTIS NO. 272', 'Centro de Bachillerato Tecnol?gico Industrial y de Servicios n?m. ', 'Arco Norte Manzana  11 Super manzana 255 No. 119-34. Col. Benito Ju?rez Mun. Benito Ju?rez C.P. 77500'),
					('CB111', 'QUINTANA ROO', '23DCT0375F', 'CBTIS NO. 111', 'Centro de Bachillerato Tecnol?gico Industrial y de Servicios n?m. ', 'Avenida Chichen Itz? L-1 Super manzana 2 Canc?n. Col. Centro. Mun. Benito Ju?rez C.P. 77500'),
					('CE125', 'SAN LUIS POTOSI', '24DCT0125Z', 'CETIS NO. 125', 'Centro de Estudios Tecnol?gicos Industrial y de Servicios n?m. 125', 'Avenida San Carlos s/n. Col. Fraccionamiento Sauzalito. Mun. San Luis Potos? C.P. 78110'),
					('CB46', 'SAN LUIS POTOSI', '24DCT0206J', 'CBTIS NO. 46', 'Centro de Bachillerato Tecnol?gico Industrial y de Servicios n?m. ', 'Carretera Cd. Valles-Tampico Km. 1 s/n. Col. CECyT. Mun. Ciudad Valles C.P. 79060'),
					('CB121', 'SAN LUIS POTOSI', '24DCT0422Z', 'CBTIS NO. 121', 'Centro de Bachillerato Tecnol?gico Industrial y de Servicios n?m. ', 'Constituci?n de 1857 s/n. Col. Benito Ju?rez. Mun. Soledad de Graciano S?nchez C.P. 78340'),
					('CB131', 'SAN LUIS POTOSI', '24DCT0424X', 'CBTIS NO. 131', 'Centro de Bachillerato Tecnol?gico Industrial y de Servicios n?m. ', 'Italia No. 98. Col. Providencia. Mun. San Luis Potos? C.P. 78390'),
					('CB151', 'SAN LUIS POTOSI', '24DCT0426V', 'CBTIS NO. 151', 'Centro de Bachillerato Tecnol?gico Industrial y de Servicios n?m. ', 'Ignacio Montes de Oca No. 602. Col. La Providencia. Mun. Matehuala C.P. 78796'),
					('CB185', 'SAN LUIS POTOSI', '24DCT0429S', 'CBTIS NO. 185', 'Centro de Bachillerato Tecnol?gico Industrial y de Servicios n?m. ', 'Carretera C?rdenas-Cd. del Ma?z Km. 2 s/n. Col. Brownsville. Mun. C?rdenas C.P. 79380'),
					('CB186', 'SAN LUIS POTOSI', '24DCT0430H', 'CBTIS NO. 186', 'Centro de Bachillerato Tecnol?gico Industrial y de Servicios n?m. ', 'Himno Nacional No. 3. Col. Colonia Centro. Mun. Salinas C.P. 78600'),
					('CB187', 'SAN LUIS POTOSI', '24DCT0431G', 'CBTIS NO. 187', 'Centro de Bachillerato Tecnol?gico Industrial y de Servicios n?m. ', 'Carretera San Martin Km. 3 s/n. Col. Fraccionamiento Buenos Aires. Mun. Tamazunchale C.P. 79960'),
					('CB87', 'SAN LUIS POTOSI', '24DCT0432F', 'CBTIS NO. 87', 'Centro de Bachillerato Tecnol?gico Industrial y de Servicios n?m. ', 'Carretera Coxcatl?n-Axtla Km.1 s/n. Col. Texcalapa. Mun. Coxcatl?n C.P. 79860'),
					('CE106', 'SAN LUIS POTOSI', '24DCT0434D', 'CETIS NO. 106', 'Centro de Estudios Tecnol?gicos Industrial y de Servicios n?m. 106', 'Emiliano Zapata No. 600. Col. Jardines del Alto. Mun. Ciudad Fern?ndez C.P. 79650'),
					('CE126', 'SAN LUIS POTOSI', '24DCT0435C', 'CETIS NO. 126', 'Centro de Estudios Tecnol?gicos Industrial y de Servicios n?m. 126', 'Saltillo s/n. Col. Centro Charcas. Mun. Charcas C.P. 78575'),
					('CE68', 'SINALOA', '25DCT0068X', 'CETIS NO. 68', 'Centro de Estudios Tecnol?gicos Industrial y de Servicios n?m. 68', 'Guadalupe Victoria y Aquiles Serd?n s/n. Col. Tabachines No.1. Mun. Ahome C.P. 81257'),
					('CE107', 'SINALOA', '25DCT0107I', 'CETIS NO. 107', 'Centro de Estudios Tecnol?gicos Industrial y de Servicios n?m. 107', 'Tierra s/n. Col. Infonavit Humaya. Mun. Culiac?n C.P. 80020'),
					('CE108', 'SINALOA', '25DCT0108H', 'CETIS NO. 108', 'Centro de Estudios Tecnol?gicos Industrial y de Servicios n?m. 108', 'Domicilio Conocido s/n. Col. Zona Industrial. Mun. Guasave C.P. 81101'),
					('CE127', 'SINALOA', '25DCT0127W', 'CETIS NO. 127', 'Centro de Estudios Tecnol?gicos Industrial y de Servicios n?m. 127', 'Avenida de la Marina s/n. Col. Francisco Villa. Mun. Mazatl?n C.P. 82127'),
					('CB152', 'SINALOA', '25DCT0152V', 'CBTIS NO. 152', 'Centro de Bachillerato Tecnol?gico Industrial y de Servicios n?m. ', 'Avenida Ave. Sandra Calder?n s/n. Col. Emiliano Zapata. Mun. Escuinapa C.P. 82457'),
					('CB43', 'SINALOA', '25DCT0203L', 'CBTIS NO. 43', 'Centro de Bachillerato Tecnol?gico Industrial y de Servicios n?m. ', 'Juan De Dios Batiz Y Aldama s/n. Col. Centro. Mun. Ahome C.P. 81259'),
					('CB45', 'SINALOA', '25DCT0206I', 'CBTIS NO. 45', 'Centro de Bachillerato Tecnol?gico Industrial y de Servicios n?m. ', 'Carretera a Mocorito Km. 1.6. Col. Emiliano Zapata. Mun. Salvador Alvarado C.P. 81440'),
					('CB51', 'SINALOA', '25DCT0211U', 'CBTIS NO. 51', 'Centro de Bachillerato Tecnol?gico Industrial y de Servicios n?m. ', 'Costado Norte s/n. Col. Unidad Deportiva Benito Ju?rez. Mun. Mazatl?n C.P. 82150'),
					('CB224', 'SINALOA', '25DCT0224Y', 'CBTIS NO. 224', 'Centro de Bachillerato Tecnol?gico Industrial y de Servicios n?m. ', 'Albert Einstein e Isaac Newton s/n. Col. Rosales. Mun. Culiac?n C.P. 80230'),
					('CB11', 'SONORA', '26DCT0011V', 'CBTIS NO. 11', 'Centro de Bachillerato Tecnol?gico Industrial y de Servicios n?m. ', 'Prof. Alfredo Eguiarte. Col. Bugambilias. Mun. Hermosillo C.P. 83140'),
					('CB33', 'SONORA', '26DCT0033G', 'CBTIS NO. 33', 'Centro de Bachillerato Tecnol?gico Industrial y de Servicios n?m. ', 'Avenida Venustiano Carranza y carretera del Valle. Col. Cuauht?moc. Mun. San Luis R?o Colorado C.P. 83400'),
					('CB37', 'SONORA', '26DCT0037C', 'CBTIS NO. 37', 'Centro de Bachillerato Tecnol?gico Industrial y de Servicios n?m. ', 'Hidalgo No. 2000. Col. INF. Yukujimari. Mun. Cajeme C.P. 85120'),
					('CB40', 'SONORA', '26DCT0040Q', 'CBTIS NO. 40', 'Centro de Bachillerato Tecnol?gico Industrial y de Servicios n?m. ', 'Unidad Deportiva Julio Alfonso. Col. Sector las Playitas. Mun. Guaymas C.P. 85476'),
					('CB63', 'SONORA', '26DCT0063A', 'CBTIS NO. 63', 'Centro de Bachillerato Tecnol?gico Industrial y de Servicios n?m. ', 'Prolongaci?n Avenida Ju?rez  Oriente s/n. Col.  Mun. Huatabampo C.P. 85900'),
					('CB64', 'SONORA', '26DCT0064Z', 'CBTIS NO. 64', 'Centro de Bachillerato Tecnol?gico Industrial y de Servicios n?m. ', 'Prolongaci?n Talamante Sur s/n. Col. Deportiva. Mun. Navojoa C.P. 85860'),
					('CE69', 'SONORA', '26DCT0069V', 'CETIS NO. 69', 'Centro de Estudios Tecnol?gicos Industrial y de Servicios n?m. 69', 'Calzada Constituci?n y Calz. Francisco Villanueva Castelo s/n. Col. Colonia Benito Ju?rez. Mun. Cajeme C.P. 85060'),
					('CB81', 'SONORA', '26DCT0081Q', 'CBTIS NO. 81', 'Centro de Bachillerato Tecnol?gico Industrial y de Servicios n?m. ', 'Calle 5  Ave. 34 y 36. Col. Deportiva. Mun. Agua Prieta C.P. 84230'),
					('CB106', 'SONORA', '26DCT0106I', 'CBTIS NO. 106', 'Centro de Bachillerato Tecnol?gico Industrial y de Servicios n?m. ', 'Carretera Cananea Aguaprieta Km. 82. Col. Industrial. Mun. Cananea C.P. 84620'),
					('CE128', 'SONORA', '26DCT0128U', 'CETIS NO. 128', 'Centro de Estudios Tecnol?gicos Industrial y de Servicios n?m. 128', 'Dr. Mart?nez Ochoa s/n. Col. Del Rosario. Mun. Nogales C.P. 84020'),
					('CB129', 'SONORA', '26DCT0129T', 'CBTIS NO. 129', 'Centro de Bachillerato Tecnol?gico Industrial y de Servicios n?m. ', 'Independencia Final Norte. Col. Centro. Mun. Benito Ju?rez C.P. 85295'),
					('CB132', 'SONORA', '26DCT0132G', 'CBTIS NO. 132', 'Centro de Bachillerato Tecnol?gico Industrial y de Servicios n?m. ', 'Quinta Mayor y Quinta Torcaza. Col. Las Quintas. Mun. Hermosillo C.P. 83240'),
					('CB188', 'SONORA', '26DCT0188I', 'CBTIS NO. 188', 'Centro de Bachillerato Tecnol?gico Industrial y de Servicios n?m. ', 'Plan De Iguala y Ejercito Nacional. Col. Russo Vogel. Mun. Cajeme C.P. 85197'),
					('CB206', 'SONORA', '26DCT0206H', 'CBTIS NO. 206', 'Centro de Bachillerato Tecnol?gico Industrial y de Servicios n?m. ', 'Colombia y Potam. Col. Fraccionamiento Camino Real. Mun. Hermosillo C.P. 83178'),
					('CB207', 'SONORA', '26DCT0207G', 'CBTIS NO. 207', 'Centro de Bachillerato Tecnol?gico Industrial y de Servicios n?m. ', 'Luis Donaldo Colosio e Imuris. Col. S.O.P. Mun. Navojoa C.P. 85890'),
					('CB167', 'TABASCO', '27DCT0003L', 'CBTIS NO. 167', 'Centro de Bachillerato Tecnol?gico Industrial y de Servicios n?m. ', 'Chiapas No. 280. Col. Ganadera. Mun. Emiliano Zapata C.P. 86992'),
					('CB163', 'TABASCO', '27DCT0004K', 'CBTIS NO. 163', 'Centro de Bachillerato Tecnol?gico Industrial y de Servicios n?m. ', 'Revoluci?n s/n. Col. 18 de Marzo. Mun. Centro C.P. 86150'),
					('CE70', 'TABASCO', '27DCT0005J', 'CETIS NO. 70', 'Centro de Estudios Tecnol?gicos Industrial y de Servicios n?m. 70', 'Avenida Industrial Nacional Mexicana No. 504. Col. Cd. Industrial. Mun. Centro C.P. 86009'),
					('CE40', 'TABASCO', '27DCT0006I', 'CETIS NO. 40', 'Centro de Estudios Tecnol?gicos Industrial y de Servicios n?m. 40', 'Domingo Col?n No. 2525. Col. Centro. Mun. Cunduac?n C.P. 86690'),
					('CB32', 'TABASCO', '27DCT0169T', 'CBTIS NO. 32', 'Centro de Bachillerato Tecnol?gico Industrial y de Servicios n?m. ', 'Esperanza Iris s/n. Col. Guayabal. Mun. Centro C.P. 86090'),
					('CB249', 'TABASCO', '27DCT0249E', 'CBTIS NO. 249', 'Centro de Bachillerato Tecnol?gico Industrial y de Servicios n?m. ', 'Ni?os H?roes s/n. Col. H?roe de Nacozari. Mun. Tenosique C.P. 86901'),
					('CB93', 'TABASCO', '27DCT0326T', 'CBTIS NO. 93', 'Centro de Bachillerato Tecnol?gico Industrial y de Servicios n?m. ', 'el Baj?o s/n. Col. El Baj?o. Mun. C?rdenas C.P. 86500'),
					('CB137', 'TAMAULIPAS', '28DCT0001M', 'CBTIS NO. 137', 'Centro de Bachillerato Tecnol?gico Industrial y de Servicios n?m. ', 'Avenida Quinta No. 100. Col. Guadalupe Borja de Diez Ordaz. Mun. Nuevo Laredo C.P. 88270'),
					('CB164', 'TAMAULIPAS', '28DCT0002L', 'CBTIS NO. 164', 'Centro de Bachillerato Tecnol?gico Industrial y de Servicios n?m. ', '20 De Noviembre No. 301. Col. Unidad Habitacional Ampliaci?n. Mun. Ciudad Madero C.P. 89510'),
					('CB15', 'TAMAULIPAS', '28DCT0040O', 'CBTIS NO. 15', 'Centro de Bachillerato Tecnol?gico Industrial y de Servicios n?m. ', 'Nezahualc?yotl Oriente No. 1000. Col. Carlina Yucat?n. Mun. El Mante C.P. 89800'),
					('CB24', 'TAMAULIPAS', '28DCT0104I', 'CBTIS NO. 24', 'Centro de Bachillerato Tecnol?gico Industrial y de Servicios n?m. ', '22 Y 23 Carrera Torres No. 650. Col. Zona Centro. Mun. Victoria C.P. 87000'),
					('CB7', 'TAMAULIPAS', '28DCT0149E', 'CBTIS NO. 7', 'Centro de Bachillerato Tecnol?gico Industrial y de Servicios n?m. ', '1o. De Mayo y Naranjos s/n Col. Petrolera. Mun. Reynosa C.P. 88680'),
					('CB189', 'TAMAULIPAS', '28DCT0189F', 'CBTIS NO. 189', 'Centro de Bachillerato Tecnol?gico Industrial y de Servicios n?m. ', 'Carretera Sendero Nacional Km. 4.5. Col. Ejido los Arados. Mun. Matamoros C.P. 87560'),
					('CB73', 'TAMAULIPAS', '28DCT0246G', 'CBTIS NO. 73', 'Centro de Bachillerato Tecnol?gico Industrial y de Servicios n?m. ', 'Prolongaci?n Cuauht?moc y Pedro J. M?ndez s/n. Col. Fraccionamiento San Diego. Mun. R?o Bravo C.P. 88900'),
					('CB271', 'TAMAULIPAS', '28DCT0271F', 'CBTIS NO. 271', 'Centro de Bachillerato Tecnol?gico Industrial y de Servicios n?m. ', 'Avenida Nuevas Tecnolog?as  M-P s/n. Col. Tecnotam. Mun. Victoria C.P. 87137'),
					('CB275', 'TAMAULIPAS', '28DCT0275B', 'CBTIS NO. 275', 'Centro de Bachillerato Tecnol?gico Industrial y de Servicios n?m. ', 'Quinta y Ju?rez Esq. No. 39. Col. Zona Centro. Mun. Matamoros C.P. 87300'),
					('CB276', 'TAMAULIPAS', '28DCT0276A', 'CBTIS NO. 276', 'Centro de Bachillerato Tecnol?gico Industrial y de Servicios n?m. ', 'J.B. Chapa y Ferrocarril No. 813. Col. Zona Centro. Mun. Reynosa C.P. 88570'),
					('CB98', 'TAMAULIPAS', '28DCT0331D', 'CBTIS NO. 98', 'Centro de Bachillerato Tecnol?gico Industrial y de Servicios n?m. ', 'Moctezuma No. 1014. Col. Zona Centro. Mun. Xicot?ncatl C.P. 89750'),
					('CB103', 'TAMAULIPAS', '28DCT0347E', 'CBTIS NO. 103', 'Centro de Bachillerato Tecnol?gico Industrial y de Servicios n?m. ', 'Germinal 100 No. 100. Col. Germinal. Mun. Ciudad Madero C.P. 98417'),
					('CB105', 'TAMAULIPAS', '28DCT0349C', 'CBTIS NO. 105', 'Centro de Bachillerato Tecnol?gico Industrial y de Servicios n?m. ', 'Carretera Tampico-Mante Km. 25 s/n. Col.  Mun. Altamira C.P. 89600'),
					('CB119', 'TAMAULIPAS', '28DCT0418I', 'CBTIS NO. 119', 'Centro de Bachillerato Tecnol?gico Industrial y de Servicios n?m. ', 'Felipe ?ngeles y H. Galeana s/n. Col. Revoluci?n verde. Mun. Victoria C.P. 87024'),
					('CB125', 'TAMAULIPAS', '28DCT0427Q', 'CBTIS NO. 125', 'Centro de Bachillerato Tecnol?gico Industrial y de Servicios n?m. ', 'Hercilia Presa Palmito No. 402. Col. Hercilia. Mun. Miguel Alem?n C.P. 88300'),
					('CB135', 'TAMAULIPAS', '28DCT0430D', 'CBTIS NO. 135', 'Centro de Bachillerato Tecnol?gico Industrial y de Servicios n?m. ', 'Ejido 20 de Noviembre s/n. Col. Ejido 20 de  Noviembre. Mun. Matamoros C.P. 87390'),
					('CB208', 'TAMAULIPAS', '28DCT0431C', 'CBTIS NO. 208', 'Centro de Bachillerato Tecnol?gico Industrial y de Servicios n?m. ', 'Carretera Jim?nez-Abasolo Km. 19.5 s/n. Col. Abasolo. Mun. Abasolo C.P. 87760'),
					('CB209', 'TAMAULIPAS', '28DCT0432B', 'CBTIS NO. 209', 'Centro de Bachillerato Tecnol?gico Industrial y de Servicios n?m. ', 'Carretera Tampico-Mante Km. 92.5 s/n. Col. Ejido Gonz?lez. Mun. Gonz?lez C.P. 89700'),
					('CB220', 'TAMAULIPAS', '28DCT0433A', 'CBTIS NO. 220', 'Centro de Bachillerato Tecnol?gico Industrial y de Servicios n?m. ', '1o. de Mayo No. 519. Col. Agron?mica. Mun. Gustavo D?az Ordaz C.P. 88400'),
					('CB219', 'TAMAULIPAS', '28DCT0434Z', 'CBTIS NO. 219', 'Centro de Bachillerato Tecnol?gico Industrial y de Servicios n?m. ', ' 4 y 5 Bravo No. 26. Col. Centro. Mun. Padilla C.P. 87780'),
					('CB210', 'TAMAULIPAS', '28DCT0435Z', 'CBTIS NO. 210', 'Centro de Bachillerato Tecnol?gico Industrial y de Servicios n?m. ', 'M?ndez Y Guadalupe Victoria No. 451. Col. Ampliaci?n Contadora. Mun. Jaumave C.P. 87930'),
					('CE22', 'TAMAULIPAS', '28DCT0436Y', 'CETIS NO. 22', 'Centro de Estudios Tecnol?gicos Industrial y de Servicios n?m. 22', 'Guatemala No. 100. Col. Las Am?ricas. Mun. Tampico C.P. 89329'),
					('CE129', 'TAMAULIPAS', '28DCT0437X', 'CETIS NO. 129', 'Centro de Estudios Tecnol?gicos Industrial y de Servicios n?m. 129', 'Carretera Victoria-Matamoros Km. 174 s/n. Col. Paso Real. Mun. San Fernando C.P. 87600'),
					('CE109', 'TAMAULIPAS', '28DCT0438W', 'CETIS NO. 109', 'Centro de Estudios Tecnol?gicos Industrial y de Servicios n?m. 109', 'Oaxaca No. 103. Col. Unidad Nacional. Mun. Ciudad Madero C.P. 89410'),
					('CE78', 'TAMAULIPAS', '28DCT0439V', 'CETIS NO. 78', 'Centro de Estudios Tecnol?gicos Industrial y de Servicios n?m. 78', 'Tampico - Altamira L?zaro C?rdenas s/n. Col. Tampico - Altamira. Mun. Altamira C.P. 89609'),
					('CE71', 'TAMAULIPAS', '28DCT0440K', 'CETIS NO. 71', 'Centro de Estudios Tecnol?gicos Industrial y de Servicios n?m. 71', 'Viaducto a Pemex s/n. Col. Fraccionamiento  A.J. Berm?dez. Mun. Reynosa C.P. 88728'),
					('CE131', 'TAMAULIPAS', '28DCT0441J', 'CETIS NO. 131', 'Centro de Estudios Tecnol?gicos Industrial y de Servicios n?m. 131', 'Calle Calle 10 s/n. Col. Las Granjas Econ. Mun. Reynosa C.P. 88730'),
					('CB234', 'TAMAULIPAS', '28DCT0442I', 'CBTIS NO. 234', 'Centro de Bachillerato Tecnol?gico Industrial y de Servicios n?m. ', 'Calzada Revoluci?n No. 7100. Col. Buena Vista. Mun. Nuevo Laredo C.P. 88120'),
					('CB236', 'TAMAULIPAS', '28DCT0443H', 'CBTIS NO. 236', 'Centro de Bachillerato Tecnol?gico Industrial y de Servicios n?m. ', 'Fresno y Ayahacahuite s/n Col. Frac. las Flores Mun. Victoria C.P. 87078'),
					('CE130', 'TAMAULIPAS', '28DCT0444G', 'CETIS NO. 130', 'Centro de Estudios Tecnol?gicos Industrial y de Servicios n?m. 130', 'Emiliano Zapata y Nogal s/n. Col. Sober?n. Mun. Valle Hermoso C.P. 87500'),
					('CE132', 'TLAXCALA', '29DCT0001L', 'CETIS NO. 132', 'Centro de Estudios Tecnol?gicos Industrial y de Servicios n?m. 132', 'Avenida Progreso No. 35. Col. Sta. Cruz Guadalupe. Mun. Chiautempan C.P. 90810'),
					('CB3', 'TLAXCALA', '29DCT0144I', 'CBTIS NO. 3', 'Centro de Bachillerato Tecnol?gico Industrial y de Servicios n?m. ', 'Avenida Xicot?ncatl  y Av. Universidad No. 2. Col. Xicot?ncatl. Mun. Tlaxcala C.P. 90070'),
					('CB211', 'TLAXCALA', '29DCT0211Q', 'CBTIS NO. 211', 'Centro de Bachillerato Tecnol?gico Industrial y de Servicios n?m. ', 'Avenida Tlahuicole No. 6 Col. Tezoquipan Mun. Panotla C.P. 90147'),
					('CB212', 'TLAXCALA', '29DCT0212P', 'CBTIS NO. 212', 'Centro de Bachillerato Tecnol?gico Industrial y de Servicios n?m. ', 'Rep?blica de Argentina No. 43. Col.  Mun. Tetla de la Solidaridad C.P. 90430'),
					('CB61', 'TLAXCALA', '29DCT0231D', 'CBTIS NO. 61', 'Centro de Bachillerato Tecnol?gico Industrial y de Servicios n?m. ', 'Fernando Hern?ndez Carrasco s/n. Col. San Miguel. Mun. Huamantla C.P. 90500'),
					('CB154', 'TLAXCALA', '29DCT0232C', 'CBTIS NO. 154', 'Centro de Bachillerato Tecnol?gico Industrial y de Servicios n?m. ', 'Porfirio Bonilla s/n. Col. Francisco Sarabia. Mun. Calpulalpan C.P. 90200'),
					('CB153', 'TLAXCALA', '29DCT0233B', 'CBTIS NO. 153', 'Centro de Bachillerato Tecnol?gico Industrial y de Servicios n?m. ', '5 de Mayo No. 110. Col. Barrio de la Sant?sima. Mun. San Pablo del Monte C.P. 90950'),
					('CB142', 'VERACRUZ', '30DCT0001A', 'CBTIS NO. 142', 'Centro de Bachillerato Tecnol?gico Industrial y de Servicios n?m. ', 'Camino a Chicola s/n. Col. Domicilio Conocido. Mun. Orizaba C.P. 94310'),
					('CB190', 'VERACRUZ', '30DCT0002Z', 'CBTIS NO. 190', 'Centro de Bachillerato Tecnol?gico Industrial y de Servicios n?m. ', 'Avenida Venustiano Carranza Esq. Calle 11 No. 15. Col. Venustiano Carranza. Mun. Boca del R?o C.P. 94297'),
					('CE143', 'VERACRUZ', '30DCT0003Z', 'CETIS NO. 143', 'Centro de Estudios Tecnol?gicos Industrial y de Servicios n?m. 143', 'Camino Camino Matalarga s/n. Col. Centro. Mun. Fort?n C.P. 94470'),
					('CE146', 'VERACRUZ', '30DCT0004Y', 'CETIS NO. 146', 'Centro de Estudios Tecnol?gicos Industrial y de Servicios n?m. 146', 'Calle Santa Julia s/n. Col. Venustiano Carranza. Mun. R?o Blanco C.P. 94335'),
					('CB191', 'VERACRUZ', '30DCT0005X', 'CBTIS NO. 191', 'Centro de Bachillerato Tecnol?gico Industrial y de Servicios n?m. ', 'Carretera Guti?rrez Zamora- Tecolutla Km. 1 s/n. Col.  Mun. Guti?rrez Zamora C.P. 93550'),
					('CE145', 'VERACRUZ', '30DCT0006W', 'CETIS NO. 145', 'Centro de Estudios Tecnol?gicos Industrial y de Servicios n?m. 145', 'Calle de las Palmas s/n. Col. Jardines. Mun. Mart?nez de la Torre C.P. 93600'),
					('CB192', 'VERACRUZ', '30DCT0007V', 'CBTIS NO. 192', 'Centro de Bachillerato Tecnol?gico Industrial y de Servicios n?m. ', 'Prolongaci?n de Oriente 3 s/n. Col. Barrio Barrio San Jos?. Mun. Ixtaczoquitl?n C.P. 94450'),
					('CE134', 'VERACRUZ', '30DCT0008U', 'CETIS NO. 134', 'Centro de Estudios Tecnol?gicos Industrial y de Servicios n?m. 134', 'Lomas Verdes No. 2. Col. Rancho Viejo. Mun. Banderilla C.P. 91300'),
					('CB213', 'VERACRUZ', '30DCT0009T', 'CBTIS NO. 213', 'Centro de Bachillerato Tecnol?gico Industrial y de Servicios n?m. ', 'Carretera Minatitl?n-Villahermosa s/n. Col. Ejido Ejido Tacoteno. Mun. Minatitl?n C.P. 96870'),
					('CB267', 'VERACRUZ', '30DCT0030W', 'CBTIS No. 267', 'Centro de Bachillerato Tecnol?gico Industrial y de Servicios n?m. ', 'Paseo del Vichin s/n. Col. Zona Centro. Mun. Ozuluama de Mascare?as C.P. 92082'),
					('CB13', 'VERACRUZ', '30DCT0036Q', 'CBTIS NO. 13', 'Centro de Bachillerato Tecnol?gico Industrial y de Servicios n?m. ', 'Avenida Presidente Miguel Alem?n s/n. Col. Ferrocarrilera. Mun. Xalapa C.P. 91130'),
					('CB17', 'VERACRUZ', '30DCT0047W', 'CBTIS NO. 17', 'Centro de Bachillerato Tecnol?gico Industrial y de Servicios n?m. ', 'Michoac?n y Jalisco s/n. Col. Conjunto Habitacional Jos. Mun. Carlos A. Carrillo C.P. 95340'),
					('CB268', 'VERACRUZ', '30DCT0079O', 'CBTIS No. 268', 'Centro de Bachillerato Tecnol?gico Industrial y de Servicios n?m. ', 'Avenida La Bamba. Col. Fraccionamiento Geo Villas del Puerto Veracruz. Mun. Veracruz C.P. 91777'),
					('CB30', 'VERACRUZ', '30DCT0162N', 'CBTIS NO. 30', 'Centro de Bachillerato Tecnol?gico Industrial y de Servicios n?m. ', 'Avenida Rafael Nieto No. 1000. Col. El Cuatro. Mun. Cerro Azul C.P. 92510'),
					('CB35', 'VERACRUZ', '30DCT0174S', 'CBTIS NO. 35', 'Centro de Bachillerato Tecnol?gico Industrial y de Servicios n?m. ', 'Carretera Buenavista Km. 19 s/n. Col. Centro. Mun. Tlacotalpan C.P. 95460'),
					('CB47', 'VERACRUZ', '30DCT0207T', 'CBTIS NO. 47', 'Centro de Bachillerato Tecnol?gico Industrial y de Servicios n?m. ', 'Avenida 39 No. 2725. Col. Para?so. Mun. C?rdoba C.P. 94500'),
					('CB48', 'VERACRUZ', '30DCT0208S', 'CBTIS NO. 48', 'Centro de Bachillerato Tecnol?gico Industrial y de Servicios n?m. ', 'Abasolo No. 104. Col. El Tamarindo. Mun. Acayucan C.P. 96049'),
					('CB55', 'VERACRUZ', '30DCT0221M', 'CBTIS NO. 55', 'Centro de Bachillerato Tecnol?gico Industrial y de Servicios n?m. ', 'Prolongaci?n Carranza s/n. Col. Electricistas. Mun. P?nuco C.P. 93990'),
					('CB66', 'VERACRUZ', '30DCT0236O', 'CBTIS NO. 66', 'Centro de Bachillerato Tecnol?gico Industrial y de Servicios n?m. ', 'J. R. Claver?a y 16 De Septiembre s/n. Col. Hojas de Ma?z. Mun. Tierra Blanca C.P. 95110'),
					('CB67', 'VERACRUZ', '30DCT0237N', 'CBTIS NO. 67', 'Centro de Bachillerato Tecnol?gico Industrial y de Servicios n?m. ', 'Carranza Esq. Comonfort s/n. Col.  Mun. Misantla C.P. 93821'),
					('CB71', 'VERACRUZ', '30DCT0244X', 'CBTIS NO. 71', 'Centro de Bachillerato Tecnol?gico Industrial y de Servicios n?m. ', 'Avenida del Estudiante s/n. Col. El Abra. Mun. Tantoyuca C.P. 92126'),
					('CB77', 'VERACRUZ', '30DCT0265J', 'CBTIS NO. 77', 'Centro de Bachillerato Tecnol?gico Industrial y de Servicios n?m. ', 'Marco A. Mu?oz s/n. Col. Jos? Mar?a Mart?nez. Mun. Lerdo de Tejada C.P. 95280'),
					('CB78', 'VERACRUZ', '30DCT0270V', 'CBTIS NO. 78', 'Centro de Bachillerato Tecnol?gico Industrial y de Servicios n?m. ', 'Avenida Venustiano Carranza s/n. Col. Revoluci?n. Mun. Poza Rica de Hidalgo C.P. 93390'),
					('CB79', 'VERACRUZ', '30DCT0271U', 'CBTIS NO. 79', 'Centro de Bachillerato Tecnol?gico Industrial y de Servicios n?m. ', 'Lorenzo Barcelata s/n. Col. Ejido 1o de Mayo. Mun. Boca del R?o C.P. 94297'),
					('CB85', 'VERACRUZ', '30DCT0293F', 'CBTIS NO. 85', 'Centro de Bachillerato Tecnol?gico Industrial y de Servicios n?m. ', 'Transismica s/n. Col. Luis Echeverr?a ?lvarez. Mun. Coatzacoalcos C.P. 96440'),
					('CB101', 'VERACRUZ', '30DCT0341Z', 'CBTIS NO. 101', 'Centro de Bachillerato Tecnol?gico Industrial y de Servicios n?m. ', 'Carretera Tezonapa Kim. 1. Col.  Mun. Tezonapa C.P. 95090'),
					('CB102', 'VERACRUZ', '30DCT0346U', 'CBTIS NO. 102', 'Centro de Bachillerato Tecnol?gico Industrial y de Servicios n?m. ', 'Avenida Nacional s/n. Col. Centro. Mun. Paso del Macho C.P. 94970'),
					('CB113', 'VERACRUZ', '30DCT0388T', 'CBTIS NO. 113', 'Centro de Bachillerato Tecnol?gico Industrial y de Servicios n?m. ', 'Carretera a Coatzacoalcos s/n. Col. J. Mario Rosado. Mun. Las Choapas C.P. 96980'),
					('CB124', 'VERACRUZ', '30DCT0425G', 'CBTIS NO. 124', 'Centro de Bachillerato Tecnol?gico Industrial y de Servicios n?m. ', '16 de Septiembre esq. 30 de Octubre s/n. Col. Ejidos Vergara Tarimoya. Mun. Veracruz C.P. 91855'),
					('CB165', 'VERACRUZ', '30DCT0430S', 'CBTIS NO. 165', 'Centro de Bachillerato Tecnol?gico Industrial y de Servicios n?m. ', 'Carretera Antigua Xalapa-Coatepec Km. 8.5 s/n. Col. Consolapa. Mun. Coatepec C.P. 91500'),
					('CE133', 'VERACRUZ', '30DCT0431R', 'CETIS NO. 133', 'Centro de Estudios Tecnol?gicos Industrial y de Servicios n?m. 133', 'Avenida Ju?rez s/n. Col. Aviaci?n. Mun. Naranjos Amatl?n C.P. 92390'),
					('CB250', 'VERACRUZ', '30DCT0432Q', 'CBTIS NO. 250', 'Centro de Bachillerato Tecnol?gico Industrial y de Servicios n?m. ', 'Carretera Antigua Chinameca Jaltipan s/n. Col. Santa Isabel. Mun. J?ltipan C.P. 96200'),
					('CB261', 'VERACRUZ', '30DCT0433P', 'CBTIS NO. 261', 'Centro de Bachillerato Tecnol?gico Industrial y de Servicios n?m. ', 'Vicente Guerrero s/n. Col. Zona Deportiva. Mun. Actopan C.P. 91480'),
					('CB251', 'VERACRUZ', '30DCT0434O', 'CBTIS NO. 251', 'Centro de Bachillerato Tecnol?gico Industrial y de Servicios n?m. ', 'Camino a Tabanabalapan s/n. Col. El Pilar. Mun. Santiago Tuxtla C.P. 95830'),
					('CE72', 'VERACRUZ', '30DCT0435N', 'CETIS NO. 72', 'Centro de Estudios Tecnol?gicos Industrial y de Servicios n?m. 72', 'Adolfo L?pez Mateos s/n. Col. Gustavo D?az Ordaz. Mun. Minatitl?n C.P. 96810'),
					('CE79', 'VERACRUZ', '30DCT0436M', 'CETIS NO. 79', 'Centro de Estudios Tecnol?gicos Industrial y de Servicios n?m. 79', 'Avenida Universidad Km. 9.5 s/n. Col. El Tesoro. Mun. Coatzacoalcos C.P. 96536'),
					('CE110', 'VERACRUZ', '30DCT0437L', 'CETIS NO. 110', 'Centro de Estudios Tecnol?gicos Industrial y de Servicios n?m. 110', 'Camino a Caravaca s/n. Col. Ejido Emiliano Zapata. Mun. San Andr?s Tuxtla C.P. 95760'),
					('CE111', 'VERACRUZ', '30DCT0438K', 'CETIS NO. 111', 'Centro de Estudios Tecnol?gicos Industrial y de Servicios n?m. 111', 'Carretera la Barra Km. 7.5 s/n. Col. Ejido la Calzada. Mun. T?xpam C.P. 92888'),
					('CE15', 'VERACRUZ', '30DCT0439J', 'CETIS NO. 15', 'Centro de Estudios Tecnol?gicos Industrial y de Servicios n?m. 15', 'Tulipanes No. 141. Col. Unidad Habitacional Adolfo Ruiz Cortines. Mun. Veracruz C.P. 91810'),
					('CE144', 'VERACRUZ', '30DCT0440Z', 'CETIS NO. 144', 'Centro de Estudios Tecnol?gicos Industrial y de Servicios n?m. 144', 'Avenida 14 de Diciembre s/n. Col. CETIS. Mun. Isla C.P. 95641'),
					('CE164', 'VERACRUZ', '30DCT0441Y', 'CETIS NO. 164', 'Centro de Estudios Tecnol?gicos Industrial y de Servicios n?m. 164', 'Prolongaci?n Ave. 1 Calle 15 s/n. Col. Ejido Centro. Mun. Cuitl?huac C.P. 94560'),
					('CB193', 'YUCATAN', '31DCT0193F', 'CBTIS NO. 193', 'Centro de Bachillerato Tecnol?gico Industrial y de Servicios n?m. ', 'Prolongaci?n de la Calle 53 s/n. Col.  Mun. Tekax C.P. 97970'),
					('CB80', 'YUCATAN', '31DCT0273R', 'CBTIS NO. 80', 'Centro de Bachillerato Tecnol?gico Industrial y de Servicios n?m. ', 'Calle 27 No. 373. Col. Edesio Carrillo Puerto. Mun. Motul C.P. 97430'),
					('CB95', 'YUCATAN', '31DCT0328D', 'CBTIS NO. 95', 'Centro de Bachillerato Tecnol?gico Industrial y de Servicios n?m. ', 'Calle 18 Norte por  49 No. 300. Col. Salvador Alvarado. Mun. M?rida C.P. 97190'),
					('CE19', 'YUCATAN', '31DCT0389R', 'CETIS NO. 19', 'Centro de Estudios Tecnol?gicos Industrial y de Servicios n?m. 19', 'Calle 28 s/n. Col. Mejorada. Mun. Ticul C.P. 97860'),
					('CE112', 'YUCATAN', '31DCT0390G', 'CETIS NO. 112', 'Centro de Estudios Tecnol?gicos Industrial y de Servicios n?m. 112', 'Avenida Rafael Mateos Escobedo por Circuito Colonias s/n. Col. L?zaro C?rdenas. Mun. M?rida C.P. 97157'),
					('CB120', 'YUCATAN', '31DCT0421J', 'CBTIS NO. 120', 'Centro de Bachillerato Tecnol?gico Industrial y de Servicios n?m. ', 'Carretera Antigua a Progreso Km. 6 s/n. Col. Chuburna de Hidalgo. Mun. M?rida C.P. 97110'),
					('CE147', 'ZACATECAS', '32DCT0001Z', 'CETIS NO. 147', 'Centro de Estudios Tecnol?gicos Industrial y de Servicios n?m. 147', 'Prolongaci?n Calle Iturbide s/n. Col. El Rosario. Mun. Jalpa C.P. 99601'),
					('CB23', 'ZACATECAS', '32DCT0085X', 'CBTIS NO. 23', 'Centro de Bachillerato Tecnol?gico Industrial y de Servicios n?m. ', 'Avenida Bugambilias No. 1. Col. Fraccionamiento Felipe ?ngeles. Mun. Zacatecas C.P. 98054'),
					('CB1', 'ZACATECAS', '32DCT0138L', 'CBTIS NO. 1', 'Centro de Bachillerato Tecnol?gico Industrial y de Servicios n?m. ', 'Carretera Panamericana Km. 724.3 s/n. Col.  Mun. Fresnillo C.P. 99000'),
					('CB104', 'ZACATECAS', '32DCT0348Q', 'CBTIS NO. 104', 'Centro de Bachillerato Tecnol?gico Industrial y de Servicios n?m. ', 'San Pedro s/n. Col. Barrio Centro. Mun. Sombrerete C.P. 99100'),
					('CB141', 'ZACATECAS', '32DCT0349P', 'CBTIS NO. 141', 'Centro de Bachillerato Tecnol?gico Industrial y de Servicios n?m. ', 'Rio de La Loza No. 10. Col. Centro. Mun. Juan Aldama C.P. 98300'),
					('CB215', 'ZACATECAS', '32DCT0350E', 'CBTIS NO. 215', 'Centro de Bachillerato Tecnol?gico Industrial y de Servicios n?m. ', 'Joaqu?n Amaro No. 314. Col. El Ed?n. Mun. Loreto C.P. 98800'),
					('CB221', 'ZACATECAS', '32DCT0351D', 'CBTIS NO. 221', 'Centro de Bachillerato Tecnol?gico Industrial y de Servicios n?m. ', 'Carretera Concepci?n del Oro- Zac Km. 3 s/n. Col.  Mun. Concepci?n del Oro C.P. 98200'),
					('CE113', 'ZACATECAS', '32DCT0352C', 'CETIS NO. 113', 'Centro de Estudios Tecnol?gicos Industrial y de Servicios n?m. 113', 'Ejidal Felipe ?ngeles y Calz. de la Rev. Mexicana No. 29. Col. Guadalupe. Mun. Guadalupe C.P. 98600'),
					('CE114', 'ZACATECAS', '32DCT0353B', 'CETIS NO. 114', 'Centro de Estudios Tecnol?gicos Industrial y de Servicios n?m. 114', 'Paseo Alameda s/n. Col. Fraccionamiento Jardines de Ram?n L?pez Velarde. Mun. Jerez C.P. 99390');
					/*alter table cat_planteles add foreign key(id_planteles) references registro_usuarios(id);*/
                    
                    
create table if not exists horario(
	id int not null auto_increment primary key,
    lunes int,
    martes int,
    miercoles int,
    jueves int,
    viernes int,
	created_at datetime NOT NULL default NOW(),
	updated_at datetime NOT NULL default NOW())engine=InnoDB default charset=utf8mb4;
    